rut;id_usuario;nombre_usuario;session_id;e_mail;estado_e_mail;rango_edad;fecha_nacimiento;fecha_registro;hora_registro;hora_salida;direccion_ip;ip_type;is_vpn;id_dsipositivo;browser;device_lenguaje;proveedor_internet;pais;ciudad;timezone;geolocalizacion; monto_deposito ;metodo_pago;codigo_respuesta;titular_tarjeta;tipo_cuenta; monto_apuesta ; payment_country ;categoria_juego;categoria_jugador;tiempo_jugado;jornada_juego;total_jugado;total_retirado;uso_bono;;;;
18000001-1;USR-1001;Cliente 1;SSN-90001;cliente01@gmailcom;Aceptado;ADL;1997-01-01;2026-08-07;22:00:00;00:23:00;190160851;residencial;FALSE;DEV-5001;Chrome;es-CL;Claro;CHILE;SANTIAGO;GMT-3 ;3345 S, 7066 O;352;tenpo;cod-51 fondo insuficiente;Cliente 1;CREDITO; $849 ; CL ;SL;Gold;143;NOC;2000; $1.492 ;NO;;;;
18000002 -2;USR-1002;Cliente 2;SSN-90002;cliente02@gmailcom;Aceptado;SNR;1979-01-01;2023-08-01;22:00:36;05:02:36;190160852;residencial;FALSE;DEV-5002;Safari;es-CL;Entel;CHILE;CONCEPCION;GMT-3 ;3682 S, 7303 O;105;visa credito;cod 00 -aprobado;Cliente 2;CREDITO; $874 ; CL ;PK;Gold;422;NOC;2000; $1.457 ;NO;;;;
18000001-2;USR-1003;Cliente 3;SSN-90003;cliente03@gmailcom;Aceptado;ADL;1990-01-01;2023-03-15;22:01:12;05:14:12;190160853;residencial;FALSE;DEV-5003;Chrome;es-CL;Movistar;CHILE;VIБ DEL MAR;GMT-3;3302 S, 7155 O;171;mastercard credito;cod 00 -aprobado;Cliente 3;DEBITO; $1.304 ; CL ;SL;Black;433;NOC;5000; $4.173 ;NO;;;;
18000002 -3;USR-1004;Cliente 4;SSN-90004;cliente04@gmailcom;Aceptado;GSR;1956-01-01;2024-01-08;22:01:48;04:13:48;190160854;residencial;FALSE;DEV-5004;Chrome;es-CL;Entel;CHILE;VALPARAISO;GMT-3;3304 S, 7161 O;332;visa debito;cod 00 -aprobado;Cliente 4;DEBITO; $1.479 ; CL ;BJ;Black;372;NOC;5000; $4.193 ;NO;;;;
18000001-3;USR-1005;Cliente 5;SSN-90005;cliente05@gmailcom;Aceptado;SNR;1982-01-01;2023-08-19;22:02:24;23:38:24;190160855;m要il;FALSE;DEV-5005;Safari;es-CL;Movistar;CHILE;ANTOFAGASTA;GMT-3;2365 S, 7040 O;92;cuenta rut;cod 00 -aprobado;Cliente 5;PREPAGO; $859 ; US ;SL;Gold;96;NOC;2000; $1.483 ;NO;;;;
18000002 -4;USR-1006;Cliente 6;SSN-90006;cliente06@gmailcom;Aceptado;GSR;1959-01-01;2026-07-13;22:03:00;05:13:00;190160856;residencial;FALSE;DEV-5006;Firefox;es-CL;Mundo;CHILE;LA SERENA;GMT-3;2990 S, 7125 O;420;mastercard credito;cod-51 fondo insuficiente;Cliente 6;PREPAGO; $1.155 ; CL ;SL;Black;430;NOC;5000; $4.184 ;SI;;;;
18000001-4;USR-1007;Cliente 7;SSN-90007;cliente07@gmailcom;Aceptado;SNR;1979-01-01;2025-04-16;22:03:36;03:26:36;190160857;residencial;FALSE;DEV-5007;Chrome;es-CL;VTR;CHILE;TEMUCO;GMT-3;3873 S, 7259 O;330;visa debito;cod-05 rechazado;Cliente 7;DEBITO; $301 ; CL ;PK;Blue;323;NOC;250; $144 ;NO;;;;
18000002 -5;USR-1008;Cliente 8;SSN-90008;cliente08@gmailcom;Aceptado;SNR;1967-01-01;2026-07-15;22:04:12;00:35:12;190160858;residencial;FALSE;DEV-5008;Firefox;es-CL;Mundo;CHILE;RANCAGUA;GMT-3;3417 S, 7074 O;496;tenpo;cod 00 -aprobado;Cliente 8;CREDITO; $828 ; US ;PK;Gold;151;NOC;2000; $1.499 ;NO;;;;
18000001-5;USR-1009;Cliente 9;SSN-90009;cliente09@gmailcom;Aceptado;ADL;1988-01-01;2023-11-08;22:04:48;05:21:48;190160859;m要il;FALSE;DEV-5009;Safari;es-CL;VTR;CHILE;SANTIAGO;GMT-3;3345 S, 7066 O;198;mach prepago;cod 00 -aprobado;Cliente 9;CREDITO; $1.011 ; CL ;SL;Platinum;437;NOC;3500; $2.837 ;NO;;;;
18000002 -6;USR-1010;Cliente 10;SSN-90010;cliente10@gmailcom;Aceptado;SNR;1982-01-01;2023-03-10;22:05:24;03:16:24;1901608510;data center;TRUE;DEV-5010;Firefox;es-CL;VTR;CHILE;CONCEPCION;GMT-3;3682 S, 7303 O;131;cuenta rut;cod 00 -aprobado;Cliente 10;DEBITO; $1.310 ; CL ;SL;Black;311;NOC;5000; $4.192 ;NO;;;;
18000001-6;USR-1011;Cliente 11;SSN-90011;cliente11@gmailcom;Aceptado;GSR;1955-01-01;2024-05-09;22:06:00;02:34:00;1901608511;residencial;FALSE;DEV-5011;Chrome;es-CL;Movistar;CHILE;VIБ DEL MAR;GMT-3;3302 S, 7155 O;352;cuenta rut;cod 00 -aprobado;Cliente 11;DEBITO; $1.288 ; CL ;PK;Black;268;NOC;5000; $4.184 ;SI;;;;
18000002 -7;USR-1012;Cliente 12;SSN-90012;cliente12@gmailcom;Aceptado;SNR;1973-01-01;2024-06-20;22:06:36;01:55:36;1901608512;residencial;FALSE;DEV-5012;Safari;es-CL;Entel;CHILE;VALPARAISO;GMT-3;3304 S, 7161 O;110;cuenta rut;cod 00 -aprobado;Cliente 12;PREPAGO; $515 ; CL ;RL;Orange;229;NOC;1000; $769 ;SI;;;;
18000001-7;USR-1013;Cliente 13;SSN-90013;cliente13@gmailcom;Aceptado;SNR;1978-01-01;2024-05-23;22:07:12;00:43:12;1901608513;residencial;FALSE;DEV-5013;Firefox;en-US;Movistar;CHILE;ANTOFAGASTA;GMT-3;2365 S, 7040 O;198;cuenta rut;cod 00 -aprobado;Cliente 13;PREPAGO; $96 ; CL ;RL;Blue;156;NOC;250; $131 ;NO;;;;
18000002 -8;USR-1014;Cliente 14;SSN-90014;cliente14@gmailcom;Aceptado;SNR;1977-01-01;2023-11-27;22:07:48;00:17:48;1901608514;residencial;FALSE;DEV-5014;Firefox;es-CL;Mundo;CHILE;LA SERENA;GMT-3;2990 S, 7125 O;418;visa credito;cod 00 -aprobado;Cliente 14;DEBITO; $1.453 ; CL ;SL;Black;130;NOC;5000; $4.193 ;SI;;;;
18000001-8;USR-1015;Cliente 15;SSN-90015;cliente15@gmailcom;Aceptado;ADL;1997-01-01;2026-09-11;22:08:24;00:58:24;1901608515;residencial;FALSE;DEV-5015;Safari;es-CL;Claro;CHILE;TEMUCO;GMT-3;3873 S, 7259 O;305;visa debito;cod 00 -aprobado;Cliente 15;CREDITO; $1.020 ; CL ;RL;Platinum;170;NOC;3500; $2.765 ;SI;;;;
18000002 -9;USR-1016;Cliente 16;SSN-90016;cliente16@gmailcom;Aceptado;SNR;1981-01-01;2026-05-11;22:09:00;22:14:00;1901608516;m要il;FALSE;DEV-5016;Safari;es-CL;Movistar;CHILE;RANCAGUA;GMT-3;3417 S, 7074 O;68;cuenta rut;cod 00 -aprobado;Cliente 16;CREDITO; $525 ; ES ;RL;Orange;5;NOC;1000; $836 ;SI;;;;
18000001-9;USR-1017;Cliente 17;SSN-90017;cliente17@gmailcom;Aceptado;SNR;1973-01-01;2025-08-15;22:09:36;05:09:36;1901608517;residencial;FALSE;DEV-5017;Edge;es-CL;Mundo;CHILE;SANTIAGO;GMT-3;3345 S, 7066 O;264;cuenta rut;cod 00 -aprobado;Cliente 17;DEBITO; $121 ; CL ;RL;Blue;420;NOC;250; $159 ;NO;;;;
18000002 -10;USR-1018;Cliente 18;SSN-90018;cliente18@gmailcom;Aceptado;ADL;1992-01-01;2023-04-05;22:10:12;00:00:12;1901608518;m要il;FALSE;DEV-5018;Safari;en-US;VTR;CHILE;CONCEPCION;GMT-3;3682 S, 7303 O;15;mastercard credito;cod 00 -aprobado;Cliente 18;DEBITO; $1.143 ; CL ;PK;Black;110;NOC;5000; $4.225 ;NO;;;;
18000001-10;USR-1019;Cliente 19;SSN-90019;cliente19@gmailcom;Aceptado;ADL;1989-01-01;2024-09-09;22:10:48;01:40:48;1901608519;m要il;FALSE;DEV-5019;Edge;es-CL;Mundo;CHILE;VIБ DEL MAR;GMT-3;3302 S, 7155 O;355;cuenta rut;cod 00 -aprobado;Cliente 19;PREPAGO; $367 ; CL ;SL;Blue;210;NOC;250; $166 ;SI;;;;
18000002 -11;USR-1020;Cliente 20;SSN-90020;cliente20@gmailcom;Aceptado;SNR;1985-01-01;2024-03-18;22:11:24;01:54:24;1901608520;residencial;FALSE;DEV-5020;Safari;es-ES;Claro;CHILE;VALPARAISO;GMT-3;3304 S, 7161 O;127;tenpo;cod 00 -aprobado;Cliente 20;PREPAGO; $1.252 ; CL ;BJ;Black;223;NOC;5000; $4.205 ;NO;;;;
18000001-11;USR-1021;Cliente 21;SSN-90021;cliente21@gmailcom;Aceptado;GSR;1958-01-01;2025-10-18;22:12:00;02:51:00;1901608521;residencial;FALSE;DEV-5021;Safari;pt-BR;Movistar;CHILE;ANTOFAGASTA;GMT-3;2365 S, 7040 O;465;mach prepago;cod-51 fondo insuficiente;Cliente 21;DEBITO; $901 ; CL ;BJ;Platinum;279;NOC;3500; $2.765 ;SI;;;;
18000002 -12;USR-1022;Cliente 22;SSN-90022;cliente22@gmailcom;No Aceptado;GSR;1964-01-01;2024-07-21;22:12:36;23:04:36;1901608522;residencial;FALSE;DEV-5022;Chrome;es-CL;Mundo;CHILE;LA SERENA;GMT-3;2990 S, 7125 O;306;visa debito;cod 00 -aprobado;Cliente 22;CREDITO; $25 ; CL ;SL;Blue;52;NOC;250; $169 ;SI;;;;
18000001-12;USR-1023;Cliente 23;SSN-90023;cliente23@gmailcom;Aceptado;SNR;1978-01-01;2025-09-18;22:13:12;05:17:12;1901608523;residencial;FALSE;DEV-5023;Chrome;es-CL;VTR;CHILE;TEMUCO;GMT-3;3873 S, 7259 O;352;cuenta rut;cod 00 -aprobado;Cliente 23;CREDITO; $480 ; CL ;RL;Orange;424;NOC;1000; $810 ;SI;;;;
18000002 -13;USR-1024;Cliente 24;SSN-90024;cliente24@gmailcom;No Aceptado;GSR;1951-01-01;2025-08-17;22:13:48;22:22:48;1901608524;residencial;FALSE;DEV-5024;Safari;es-CL;VTR;CHILE;RANCAGUA;GMT-3;3417 S, 7074 O;138;cuenta rut;cod-51 fondo insuficiente;Cliente 24;DEBITO; $221 ; CL ;RL;Blue;9;NOC;250; $122 ;NO;;;;
18000001-13;USR-1025;Cliente 25;SSN-90025;cliente25@gmailcom;No Aceptado;ADL;1990-01-01;2026-02-07;22:14:24;02:58:24;1901608525;residencial;FALSE;DEV-5025;Chrome;es-CL;VTR;CHILE;SANTIAGO;GMT-3;3345 S, 7066 O;17;mach prepago;cod 00 -aprobado;Cliente 25;DEBITO; $1.066 ; CL ;BJ;Platinum;284;NOC;3500; $2.825 ;NO;;;;
18000002 -14;USR-1026;Cliente 26;SSN-90026;cliente26@gmailcom;Aceptado;GSR;1954-01-01;2026-11-20;22:15:00;00:48:00;1901608526;residencial;FALSE;DEV-5026;Edge;es-CL;Entel;CHILE;CONCEPCION;GMT-3;3682 S, 7303 O;92;tenpo;cod 00 -aprobado;Cliente 26;PREPAGO; $543 ; CL ;SL;Orange;153;NOC;1000; $831 ;SI;;;;
18000001-14;USR-1027;Cliente 27;SSN-90027;cliente27@gmailcom;Aceptado;GSR;1957-01-01;2025-02-09;22:15:36;04:43:36;1901608527;residencial;FALSE;DEV-5027;Chrome;es-CL;Claro;CHILE;VIБ DEL MAR;GMT-3;3302 S, 7155 O;200;mastercard credito;cod 00 -aprobado;Cliente 27;PREPAGO; $116 ; CL ;RL;Blue;388;NOC;250; $179 ;NO;;;;
18000002 -15;USR-1028;Cliente 28;SSN-90028;cliente28@gmailcom;Aceptado;GSR;1951-01-01;2026-10-28;22:16:12;01:40:12;1901608528;residencial;FALSE;DEV-5028;Chrome;es-CL;VTR;CHILE;VALPARAISO;GMT-3;3304 S, 7161 O;71;visa credito;cod 00 -aprobado;Cliente 28;DEBITO; $860 ; CL ;BJ;Gold;204;NOC;2000; $1.482 ;NO;;;;
18000001-15;USR-1029;Cliente 29;SSN-90029;cliente29@gmailcom;Aceptado;SNR;1980-01-01;2025-02-07;22:16:48;00:42:48;1901608529;m要il;FALSE;DEV-5029;Safari;es-CL;Mundo;CHILE;ANTOFAGASTA;GMT-3;2365 S, 7040 O;365;tenpo;cod 00 -aprobado;Cliente 29;CREDITO; $897 ; CL ;SL;Gold;146;NOC;2000; $1.482 ;NO;;;;
18000002 -16;USR-1030;Cliente 30;SSN-90030;cliente30@gmailcom;Aceptado;SNR;1967-01-01;2025-10-21;22:17:24;04:41:24;1901608530;residencial;FALSE;DEV-5030;Safari;es-CL;VTR;CHILE;LA SERENA;GMT-3;2990 S, 7125 O;91;mach prepago;cod-51 fondo insuficiente;Cliente 30;CREDITO; $402 ; CL ;PK;Orange;384;NOC;1000; $801 ;SI;;;;
18000001-16;USR-1031;Cliente 31;SSN-90031;cliente31@gmailcom;Aceptado;SNR;1983-01-01;2023-01-16;22:18:00;02:27:00;1901608531;residencial;FALSE;DEV-5031;Chrome;pt-BR;VTR;CHILE;TEMUCO;GMT-3;3873 S, 7259 O;96;cuenta rut;cod 00 -aprobado;Cliente 31;DEBITO; $623 ; CL ;RL;Orange;249;NOC;1000; $820 ;NO;;;;
18000002 -17;USR-1032;Cliente 32;SSN-90032;cliente32@gmailcom;Aceptado;GSR;1959-01-01;2026-01-15;22:18:36;05:33:36;1901608532;residencial;FALSE;DEV-5032;Safari;es-CL;Mundo;CHILE;RANCAGUA;GMT-3;3417 S, 7074 O;375;tenpo;cod 00 -aprobado;Cliente 32;DEBITO; $1.278 ; ES ;RL;Black;435;NOC;5000; $4.166 ;NO;;;;
18000001-17;USR-1033;Cliente 33;SSN-90033;cliente33@gmailcom;No Aceptado;SNR;1974-01-01;2023-02-03;22:19:12;23:09:12;1901608533;residencial;TRUE;DEV-5033;Safari;es-CL;Entel;CHILE;SANTIAGO;GMT-3;3345 S, 7066 O;202;visa credito;cod 00 -aprobado;Cliente 33;PREPAGO; $1.440 ; US ;BJ;Black;50;NOC;5000; $4.200 ;SI;;;;
18000002 -18;USR-1034;Cliente 34;SSN-90034;cliente34@gmailcom;Aceptado;GSR;1951-01-01;2026-01-27;22:19:48;05:54:48;1901608534;data center;FALSE;DEV-5034;Chrome;es-CL;Movistar;CHILE;CONCEPCION;GMT-3;3682 S, 7303 O;27;visa debito;cod 00 -aprobado;Cliente 34;PREPAGO; $425 ; US ;SL;Orange;455;NOC;1000; $840 ;SI;;;;
18000001-18;USR-1035;Cliente 35;SSN-90035;cliente35@gmailcom;Aceptado;GSR;1966-01-01;2025-12-08;22:20:24;23:24:24;1901608535;data center;TRUE;DEV-5035;Edge;es-CL;Entel;CHILE;VIБ DEL MAR;GMT-3;3302 S, 7155 O;61;mach prepago;cod 00 -aprobado;Cliente 35;DEBITO; $1.174 ; CL ;SL;Black;64;NOC;5000; $4.171 ;NO;;;;
18000002 -19;USR-1036;Cliente 36;SSN-90036;cliente36@gmailcom;No Aceptado;GSR;1964-01-01;2025-11-05;22:21:00;04:52:00;1901608536;residencial;FALSE;DEV-5036;Chrome;es-CL;Movistar;CHILE;VALPARAISO;GMT-3;3304 S, 7161 O;88;mach prepago;cod 00 -aprobado;Cliente 36;CREDITO; $1.390 ; CL ;SL;Black;391;NOC;5000; $4.193 ;NO;;;;
18000001-19;USR-1037;Cliente 37;SSN-90037;cliente37@gmailcom;No Aceptado;GSR;1964-01-01;2025-02-15;22:21:36;00:21:36;1901608537;residencial;FALSE;DEV-5037;Safari;es-CL;VTR;CHILE;ANTOFAGASTA;GMT-3;2365 S, 7040 O;389;cuenta rut;cod 00 -aprobado;Cliente 37;CREDITO; $435 ; CL ;BJ;Orange;120;NOC;1000; $816 ;SI;;;;
18000002 -20;USR-1038;Cliente 38;SSN-90038;cliente38@gmailcom;Aceptado;GSR;1955-01-01;2026-03-22;22:22:12;03:56:12;1901608538;m要il;FALSE;DEV-5038;Edge;es-CL;VTR;CHILE;LA SERENA;GMT-3;2990 S, 7125 O;25;mastercard credito;cod 00 -aprobado;Cliente 38;DEBITO; $771 ; CL ;SL;Gold;334;NOC;2000; $1.543 ;NO;;;;
18000001-20;USR-1039;Cliente 39;SSN-90039;cliente39@gmailcom;Aceptado;SNR;1977-01-01;2026-11-27;22:22:48;23:17:48;1901608539;residencial;FALSE;DEV-5039;Firefox;es-CL;VTR;CHILE;TEMUCO;GMT-3;3873 S, 7259 O;206;visa debito;cod 00 -aprobado;Cliente 39;DEBITO; $469 ; CL ;BJ;Orange;55;NOC;1000; $801 ;NO;;;;
18000002 -21;USR-1040;Cliente 40;SSN-90040;cliente40@gmailcom;Aceptado;SNR;1977-01-01;2026-06-23;22:23:24;02:10:24;1901608540;m要il;FALSE;DEV-5040;Chrome;es-CL;Mundo;CHILE;RANCAGUA;GMT-3;3417 S, 7074 O;130;cuenta rut;cod-51 fondo insuficiente;Cliente 40;PREPAGO; $768 ; CL ;PK;Gold;227;NOC;2000; $1.522 ;NO;;;;
18000001-21;USR-1041;Cliente 41;SSN-90041;cliente41@gmailcom;Aceptado;ADL;1988-01-01;2026-02-24;22:24:00;00:53:00;1901608541;m要il;FALSE;DEV-5041;Chrome;es-CL;Entel;CHILE;SANTIAGO;GMT-3;3345 S, 7066 O;287;cuenta rut;cod 00 -aprobado;Cliente 41;PREPAGO; $922 ; CL ;PK;Platinum;149;NOC;3500; $2.781 ;NO;;;;
18000002 -22;USR-1042;Cliente 42;SSN-90042;cliente42@gmailcom;Aceptado;GSR;1965-01-01;2024-09-15;22:24:36;03:29:36;1901608542;residencial;TRUE;DEV-5042;Firefox;es-CL;Claro;CHILE;CONCEPCION;GMT-3;3682 S, 7303 O;455;mach prepago;cod 00 -aprobado;Cliente 42;DEBITO; $754 ; CL ;SL;Gold;305;NOC;2000; $1.489 ;NO;;;;
18000001-22;USR-1043;Cliente 43;SSN-90043;cliente43@gmailcom;Aceptado;SNR;1982-01-01;2026-09-28;22:25:12;02:06:12;1901608543;residencial;FALSE;DEV-5043;Chrome;es-CL;Entel;CHILE;VIБ DEL MAR;GMT-3;3302 S, 7155 O;220;visa credito;cod 00 -aprobado;Cliente 43;CREDITO; $109 ; CL ;SL;Blue;221;NOC;250; $155 ;SI;;;;
18000002 -23;USR-1044;Cliente 44;SSN-90044;cliente44@gmailcom;Aceptado;GSR;1961-01-01;2023-04-19;22:25:48;05:20:48;1901608544;m要il;FALSE;DEV-5044;Chrome;es-CL;Movistar;CHILE;VALPARAISO;GMT-3;3304 S, 7161 O;202;tenpo;cod-51 fondo insuficiente;Cliente 44;CREDITO; $1.484 ; CL ;SL;Black;415;NOC;5000; $4.243 ;SI;;;;
18000001-23;USR-1045;Cliente 45;SSN-90045;cliente45@gmailcom;Aceptado;ADL;1996-01-01;2026-11-22;22:26:24;23:41:24;1901608545;residencial;FALSE;DEV-5045;Chrome;es-CL;Movistar;CHILE;ANTOFAGASTA;GMT-3;2365 S, 7040 O;302;visa debito;cod-05 rechazado;Cliente 45;DEBITO; $1.264 ; CL ;RL;Black;75;NOC;5000; $4.218 ;NO;;;;
18000002 -24;USR-1046;Cliente 46;SSN-90046;cliente46@gmailcom;Aceptado;GSR;1960-01-01;2025-07-03;22:27:00;04:43:00;1901608546;residencial;FALSE;DEV-5046;Chrome;es-CL;Movistar;CHILE;LA SERENA;GMT-3;2990 S, 7125 O;211;cuenta rut;cod 00 -aprobado;Cliente 46;DEBITO; $722 ; CL ;RL;Gold;376;NOC;2000; $1.498 ;SI;;;;
18000001-24;USR-1047;Cliente 47;SSN-90047;cliente47@gmailcom;Aceptado;GSR;1965-01-01;2024-10-09;22:27:36;04:19:36;1901608547;data center;FALSE;DEV-5047;Chrome;es-CL;Claro;CHILE;TEMUCO;GMT-3;3873 S, 7259 O;246;visa credito;cod 00 -aprobado;Cliente 47;PREPAGO; $1.170 ; CL ;RL;Black;352;NOC;5000; $4.166 ;NO;;;;
18000002 -25;USR-1048;Cliente 48;SSN-90048;cliente48@gmailcom;Aceptado;ADL;1996-01-01;2023-05-15;22:28:12;22:42:12;1901608548;residencial;TRUE;DEV-5048;Chrome;es-CL;Claro;CHILE;RANCAGUA;GMT-3;3417 S, 7074 O;448;visa debito;cod 00 -aprobado;Cliente 48;PREPAGO; $998 ; CL ;RL;Platinum;14;NOC;3500; $2.845 ;NO;;;;
18000001-25;USR-1049;Cliente 49;SSN-90049;estafita77@gmail.com;Aceptado;SNR;1983-01-01;2025-09-05;22:28:48;04:53:48;190.160.85.50;residencial;FALSE;DEV-CL-7777;Chrome;es-CL;Movistar;CHILE;SANTIAGO;GMT-3;3345 S, 7066 O;19;tenpo;cod 00 -aprobado;Cliente 49;DEBITO; $630 ; CL ;SL;Orange;385;NOC;1000; $828 ;SI;;;;
18000002 -26;USR-1050;Cliente 50;SSN-90050;estafita77@gmail.com;Aceptado;ADL;1994-01-01;2023-05-07;22:29:24;22:43:24;190.160.85.50;residencial;FALSE;DEV-CL-7777;Safari;es-CL;Entel;CHILE;CONCEPCION;GMT-3;3682 S, 7303 O;460;visa debito;cod 00 -aprobado;Cliente 50;CREDITO; $156 ; CL ;RL;Blue;14;NOC;250; $124 ;SI;;;;
18000001-26;USR-1051;Cliente 51;SSN-90051;estafita77+1@gmail.com;Aceptado;SNR;1973-01-01;2024-05-21;22:30:00;04:56:00;190.160.85.50;residencial;FALSE;DEV-CL-7777;Safari;es-CL;Mundo;CHILE;VIБ DEL MAR;GMT-3;3302 S, 7155 O;111;mach prepago;cod 00 -aprobado;Cliente 51;CREDITO; $1.174 ; CL ;PK;Black;386;NOC;5000; $4.158 ;SI;;;;
18000002 -27;USR-1052;Cliente 52;SSN-90052;cliente52@gmailcom;Aceptado;GSR;1960-01-01;2025-05-01;22:30:36;02:30:36;1901608552;residencial;FALSE;DEV-5052;Safari;es-CL;Movistar;CHILE;VALPARAISO;GMT-3;3304 S, 7161 O;179;visa credito;cod-43 tarjeta robada;Cliente 52;DEBITO; $830 ; CL ;SL;Gold;240;NOC;2000; $1.463 ;NO;;;;
18000001-27;USR-1053;Cliente 53;SSN-90053;cliente53@gmailcom;Aceptado;SNR;1985-01-01;2024-12-02;22:31:12;05:50:12;1901608553;residencial;FALSE;DEV-5053;Chrome;es-CL;Movistar;CHILE;ANTOFAGASTA;GMT-3;2365 S, 7040 O;13;cuenta rut;cod 00 -aprobado;Cliente 53;DEBITO; $654 ; CL ;RL;Orange;439;NOC;1000; $777 ;NO;;;;
18000002 -28;USR-1054;Cliente 54;SSN-90054;cliente54@gmailcom;Aceptado;GSR;1958-01-01;2025-07-18;22:31:48;03:35:48;1901608554;residencial;FALSE;DEV-5054;Chrome;es-CL;Movistar;CHILE;LA SERENA;GMT-3;2990 S, 7125 O;258;visa debito;cod 00 -aprobado;Cliente 54;PREPAGO; $1.019 ; CL ;RL;Platinum;304;NOC;3500; $2.829 ;NO;;;;
18000001-28;USR-1055;Cliente 55;SSN-90055;cliente55@gmailcom;Aceptado;SNR;1978-01-01;2025-05-18;22:32:24;01:50:24;1901608555;m要il;FALSE;DEV-5055;Safari;es-CL;Entel;CHILE;TEMUCO;GMT-3;3873 S, 7259 O;334;cuenta rut;cod 00 -aprobado;Cliente 55;PREPAGO; $87 ; CL ;RL;Blue;198;NOC;250; $186 ;NO;;;;
18000002 -29;USR-1056;Cliente 56;SSN-90056;cliente56@gmailcom;No Aceptado;GSR;1951-01-01;2023-07-07;22:33:00;01:49:00;1901608556;residencial;FALSE;DEV-5056;Firefox;es-CL;Claro;CHILE;RANCAGUA;GMT-3;3417 S, 7074 O;54;cuenta rut;cod 00 -aprobado;Cliente 56;DEBITO; $1.024 ; ES ;SL;Platinum;196;NOC;3500; $2.803 ;NO;;;;
18000001-29;USR-1057;Cliente 57;SSN-90057;cliente57@gmailcom;Aceptado;GSR;1958-01-01;2024-05-23;22:33:36;23:54:36;1901608557;residencial;FALSE;DEV-5057;Chrome;es-CL;VTR;CHILE;SANTIAGO;GMT-3;3345 S, 7066 O;139;tenpo;cod 00 -aprobado;Cliente 57;CREDITO; $1.336 ; CL ;BJ;Black;81;NOC;5000; $4.185 ;NO;;;;
18000002 -30;USR-1058;Cliente 58;SSN-90058;cliente58@gmailcom;Aceptado;ADL;1991-01-01;2026-01-24;22:34:12;03:53:12;1901608558;residencial;FALSE;DEV-5058;Firefox;es-CL;Entel;CHILE;CONCEPCION;GMT-3;3682 S, 7303 O;166;visa debito;cod 00 -aprobado;Cliente 58;CREDITO; $193 ; CL ;BJ;Blue;319;NOC;250; $145 ;SI;;;;
18000001-30;USR-1059;Cliente 59;SSN-90059;cliente59@gmailcom;Aceptado;ADL;1987-01-01;2023-02-23;22:34:48;03:56:48;1901608559;m要il;FALSE;DEV-5059;Chrome;es-CL;Entel;CHILE;VIБ DEL MAR;GMT-3;3302 S, 7155 O;209;visa credito;cod 00 -aprobado;Cliente 59;DEBITO; $268 ; CL ;SL;Blue;322;NOC;250; $195 ;SI;;;;
18000002 -31;USR-1060;Cliente 60;SSN-90060;cliente60@gmailcom;Aceptado;ADL;1999-01-01;2023-10-20;22:35:24;02:06:24;1901608560;residencial;FALSE;DEV-5060;Chrome;es-CL;Claro;CHILE;VALPARAISO;GMT-3;3304 S, 7161 O;228;mach prepago;cod 00 -aprobado;Cliente 60;DEBITO; $249 ; CL ;BJ;Blue;211;NOC;250; $182 ;NO;;;;
18000001-31;USR-1061;Cliente 61;SSN-90061;cliente61@gmailcom;No Aceptado;SNR;1971-01-01;2025-01-24;22:36:00;05:39:00;1901608561;residencial;TRUE;DEV-5061;Chrome;es-CL;VTR;CHILE;ANTOFAGASTA;GMT-3;2365 S, 7040 O;418;tenpo;cod 00 -aprobado;Cliente 61;PREPAGO; $421 ; CL ;PK;Orange;423;NOC;1000; $790 ;SI;;;;
18000002 -32;USR-1062;Cliente 62;SSN-90062;cliente62@gmailcom;Aceptado;ADL;1988-01-01;2025-06-28;22:36:36;03:26:36;1901608562;residencial;FALSE;DEV-5062;Chrome;es-CL;Claro;CHILE;LA SERENA;GMT-3;2990 S, 7125 O;32;cuenta rut;cod 00 -aprobado;Cliente 62;PREPAGO; $760 ; CL ;SL;Gold;290;NOC;2000; $1.510 ;SI;;;;
18000001-32;USR-1063;Cliente 63;SSN-90063;cliente63@gmailcom;Aceptado;SNR;1983-01-01;2026-06-07;22:37:12;06:06:12;1901608563;residencial;FALSE;DEV-5063;Chrome;es-CL;Mundo;CHILE;TEMUCO;GMT-3;3873 S, 7259 O;434;mach prepago;cod 00 -aprobado;Cliente 63;DEBITO; $510 ; CL ;SL;Orange;449;NOC;1000; $775 ;SI;;;;
18000002 -33;USR-1064;Cliente 64;SSN-90064;cliente64@gmailcom;Aceptado;ADL;1998-01-01;2023-12-16;22:37:48;23:01:48;1901608564;residencial;FALSE;DEV-5064;Edge;es-CL;Mundo;CHILE;RANCAGUA;GMT-3;3417 S, 7074 O;198;tenpo;cod 00 -aprobado;Cliente 64;CREDITO; $686 ; CL ;SL;Orange;24;NOC;1000; $799 ;SI;;;;
18000001-33;USR-1065;Cliente 65;SSN-90065;cliente65@gmailcom;Aceptado;GSR;1960-01-01;2026-11-23;22:38:24;01:58:24;1901608565;residencial;FALSE;DEV-5065;Safari;es-CL;Entel;CHILE;SANTIAGO;GMT-3;3345 S, 7066 O;381;visa debito;cod 00 -aprobado;Cliente 65;CREDITO; $52 ; CL ;PK;Blue;200;NOC;250; $134 ;SI;;;;
18000002 -34;USR-1066;Cliente 66;SSN-90066;cliente66@gmailcom;Aceptado;ADL;1994-01-01;2024-12-04;22:39:00;22:58:00;1901608566;residencial;FALSE;DEV-5066;Chrome;es-CL;Movistar;CHILE;CONCEPCION;GMT-3;3682 S, 7303 O;499;visa debito;cod 00 -aprobado;Cliente 66;DEBITO; $339 ; CL ;BJ;Blue;19;NOC;250; $149 ;NO;;;;
18000001-34;USR-1067;Cliente 67;SSN-90067;cliente67@gmailcom;Aceptado;GSR;1962-01-01;2023-07-01;22:39:36;05:31:36;1901608567;residencial;FALSE;DEV-5067;Chrome;es-CL;Entel;CHILE;VIБ DEL MAR;GMT-3;3302 S, 7155 O;63;tenpo;cod 00 -aprobado;Cliente 67;DEBITO; $1.000 ; CL ;RL;Platinum;412;NOC;3500; $2.789 ;NO;;;;
18000002 -35;USR-1068;Cliente 68;SSN-90068;cliente68@gmailcom;No Aceptado;ADL;1994-01-01;2026-11-03;22:40:12;04:59:12;1901608568;m要il;FALSE;DEV-5068;Chrome;es-CL;VTR;CHILE;VALPARAISO;GMT-3;3304 S, 7161 O;325;tenpo;cod 00 -aprobado;Cliente 68;PREPAGO; $1.089 ; CL ;RL;Platinum;379;NOC;3500; $2.772 ;NO;;;;
18000001-35;USR-1069;Cliente 69;SSN-90069;cliente69@gmailcom;No Aceptado;GSR;1950-01-01;2025-10-18;22:40:48;00:30:48;1901608569;residencial;FALSE;DEV-5069;Chrome;es-CL;Claro;CHILE;ANTOFAGASTA;GMT-3;2365 S, 7040 O;354;tenpo;cod 00 -aprobado;Cliente 69;PREPAGO; $893 ; CL ;RL;Gold;110;NOC;2000; $1.473 ;NO;;;;
18000002 -36;USR-1070;Cliente 70;SSN-90070;cliente70@gmailcom;No Aceptado;GSR;1952-01-01;2024-11-21;22:41:24;04:15:24;1901608570;residencial;TRUE;DEV-5070;Chrome;es-CL;Claro;CHILE;LA SERENA;GMT-3;2990 S, 7125 O;333;visa credito;cod 00 -aprobado;Cliente 70;DEBITO; $1.097 ; CL ;SL;Platinum;334;NOC;3500; $2.838 ;NO;;;;
18000001-36;USR-1071;Cliente 71;SSN-90071;cliente71@gmailcom;No Aceptado;SNR;1982-01-01;2026-07-22;22:42:00;00:25:00;1901608571;residencial;FALSE;DEV-5071;Chrome;es-CL;Mundo;CHILE;TEMUCO;GMT-3;3873 S, 7259 O;284;mach prepago;cod 00 -aprobado;Cliente 71;CREDITO; $844 ; CL ;RL;Gold;103;NOC;2000; $1.494 ;NO;;;;
18000002 -37;USR-1072;Cliente 72;SSN-90072;cliente72@gmailcom;No Aceptado;ADL;1991-01-01;2023-11-11;22:42:36;22:50:36;1901608572;residencial;FALSE;DEV-5072;Edge;es-CL;Entel;CHILE;RANCAGUA;GMT-3;3417 S, 7074 O;10;visa credito;cod 00 -aprobado;Cliente 72;CREDITO; $1.096 ; ES ;RL;Platinum;8;NOC;3500; $2.835 ;NO;;;;
18000001-37;USR-1073;Cliente 73;SSN-90073;cliente73@gmailcom;Aceptado;GSR;1965-01-01;2025-10-22;22:43:12;04:24:12;1901608573;residencial;FALSE;DEV-5073;Safari;es-CL;Movistar;CHILE;SANTIAGO;GMT-3;3345 S, 7066 O;440;visa credito;cod 00 -aprobado;Cliente 73;DEBITO; $902 ; CL ;RL;Platinum;341;NOC;3500; $2.807 ;NO;;;;
18000002 -38;USR-1074;Cliente 74;SSN-90074;cliente74@gmailcom;Aceptado;SNR;1968-01-01;2024-04-16;22:43:48;03:24:48;1901608574;residencial;FALSE;DEV-5074;Firefox;es-CL;Claro;CHILE;CONCEPCION;GMT-3;3682 S, 7303 O;168;cuenta rut;cod 00 -aprobado;Cliente 74;DEBITO; $951 ; CL ;PK;Platinum;281;NOC;3500; $2.774 ;NO;;;;
18000001-38;USR-1075;Cliente 75;SSN-90075;cliente75@gmailcom;Aceptado;GSR;1953-01-01;2025-05-19;22:44:24;01:30:24;1901608575;residencial;FALSE;DEV-5075;Safari;es-CL;Claro;CHILE;VIБ DEL MAR;GMT-3;3302 S, 7155 O;453;tenpo;cod-51 fondo insuficiente;Cliente 75;PREPAGO; $590 ; CL ;SL;Orange;166;NOC;1000; $808 ;SI;;;;
18000002 -39;USR-1076;Cliente 76;SSN-90076;cliente76@gmailcom;Aceptado;SNR;1974-01-01;2023-04-12;22:45:00;06:34:00;1901608576;residencial;FALSE;DEV-5076;Safari;es-CL;Entel;CHILE;VALPARAISO;GMT-3;3304 S, 7161 O;77;mastercard credito;cod 00 -aprobado;Cliente 76;PREPAGO; $613 ; CL ;RL;Orange;469;NOC;1000; $765 ;SI;;;;
18000001-39;USR-1077;Cliente 77;SSN-90077;cliente77@gmailcom;No Aceptado;GSR;1961-01-01;2024-04-26;22:45:36;23:53:36;1901608577;m要il;FALSE;DEV-5077;Chrome;es-CL;Entel;CHILE;ANTOFAGASTA;GMT-3;2365 S, 7040 O;94;visa debito;cod 00 -aprobado;Cliente 77;DEBITO; $615 ; CL ;SL;Orange;68;NOC;1000; $801 ;NO;;;;
18000002 -40;USR-1078;Cliente 78;SSN-90078;cliente78@gmailcom;Aceptado;SNR;1978-01-01;2024-05-17;22:46:12;04:04:12;1901608578;residencial;TRUE;DEV-5078;Chrome;es-CL;Movistar;CHILE;LA SERENA;GMT-3;2990 S, 7125 O;212;cuenta rut;cod 00 -aprobado;Cliente 78;CREDITO; $669 ; US ;PK;Orange;318;NOC;1000; $758 ;NO;;;;
18000001-40;USR-1079;Cliente 79;SSN-90079;cliente79@gmailcom;Aceptado;GSR;1966-01-01;2026-10-17;22:46:48;01:38:48;1901608579;residencial;FALSE;DEV-5079;Chrome;es-CL;VTR;CHILE;TEMUCO;GMT-3;3873 S, 7259 O;233;visa credito;cod 00 -aprobado;Cliente 79;CREDITO; $346 ; BR ;BJ;Blue;172;NOC;250; $135 ;SI;;;;
18000002 -41;USR-1080;Cliente 80;SSN-90080;cliente80@gmailcom;Aceptado;ADL;1996-01-01;2025-11-10;22:47:24;05:52:24;1901608580;residencial;FALSE;DEV-5080;Firefox;es-CL;Movistar;CHILE;RANCAGUA;GMT-3;3417 S, 7074 O;218;tenpo;cod 00 -aprobado;Cliente 80;DEBITO; $456 ; BR ;SL;Orange;425;NOC;1000; $758 ;NO;;;;
18000001-41;USR-1081;Cliente 81;SSN-90081;cliente81@gmailcom;Aceptado;GSR;1958-01-01;2026-10-17;22:48:00;23:09:00;1901608581;residencial;FALSE;DEV-5081;Safari;es-CL;VTR;CHILE;SANTIAGO;GMT-3;3345 S, 7066 O;188;mastercard credito;cod 00 -aprobado;Cliente 81;DEBITO; $654 ; CL ;SL;Orange;21;NOC;1000; $777 ;SI;;;;
18000002 -42;USR-1082;Cliente 82;SSN-90082;cliente82@gmailcom;Aceptado;SNR;1983-01-01;2024-08-26;22:48:36;01:13:36;1901608582;data center;FALSE;DEV-5082;Safari;es-CL;Entel;CHILE;CONCEPCION;GMT-3;3682 S, 7303 O;183;visa debito;cod 00 -aprobado;Cliente 82;PREPAGO; $108 ; CL ;RL;Blue;145;NOC;250; $113 ;NO;;;;
18000001-42;USR-1083;Cliente 83;SSN-90083;cliente83@gmailcom;Aceptado;GSR;1965-01-01;2023-09-25;22:49:12;03:38:12;1901608583;residencial;FALSE;DEV-5083;Safari;es-CL;Mundo;CHILE;VIБ DEL MAR;GMT-3;3302 S, 7155 O;47;visa debito;cod 00 -aprobado;Cliente 83;PREPAGO; $1.374 ; CL ;SL;Black;289;NOC;5000; $4.238 ;NO;;;;
18000002 -43;USR-1084;Cliente 84;SSN-90084;cliente84@gmailcom;No Aceptado;GSR;1952-01-01;2025-01-07;22:49:48;04:16:48;1901608584;residencial;FALSE;DEV-5084;Firefox;pt-BR;VTR;CHILE;VALPARAISO;GMT-3;3304 S, 7161 O;201;cuenta rut;cod 00 -aprobado;Cliente 84;DEBITO; $848 ; CL ;BJ;Gold;327;NOC;2000; $1.505 ;NO;;;;
18000001-43;USR-1085;Cliente 85;SSN-90085;cliente85@gmailcom;Aceptado;ADL;1986-01-01;2024-11-13;22:50:24;02:22:24;1901608585;m要il;FALSE;DEV-5085;Chrome;es-CL;Mundo;CHILE;ANTOFAGASTA;GMT-3;2365 S, 7040 O;132;cuenta rut;cod 00 -aprobado;Cliente 85;CREDITO; $1.179 ; ES ;SL;Black;212;NOC;5000; $4.191 ;NO;;;;
18000002 -44;USR-1086;Cliente 86;SSN-90086;cliente86@gmailcom;Aceptado;ADL;1995-01-01;2025-08-13;22:51:00;02:58:00;1901608586;m要il;FALSE;DEV-5086;Safari;es-CL;Mundo;CHILE;LA SERENA;GMT-3;2990 S, 7125 O;41;cuenta rut;cod 00 -aprobado;Cliente 86;CREDITO; $1.204 ; US ;PK;Black;247;NOC;5000; $4.217 ;NO;;;;
18000001-44;USR-1087;Cliente 87;SSN-90087;cliente87@gmailcom;No Aceptado;SNR;1976-01-01;2024-07-02;22:51:36;00:48:36;1901608587;residencial;FALSE;DEV-5087;Chrome;es-CL;Entel;CHILE;TEMUCO;GMT-3;3873 S, 7259 O;54;cuenta rut;cod 00 -aprobado;Cliente 87;DEBITO; $405 ; CL ;RL;Orange;117;NOC;1000; $772 ;NO;;;;
18000002 -45;USR-1088;Cliente 88;SSN-90088;cliente88@gmailcom;Aceptado;ADL;1996-01-01;2026-04-09;22:52:12;01:46:12;1901608588;residencial;FALSE;DEV-5088;Chrome;es-CL;Mundo;CHILE;RANCAGUA;GMT-3;3417 S, 7074 O;473;cuenta rut;cod 00 -aprobado;Cliente 88;DEBITO; $832 ; ES ;RL;Gold;174;NOC;2000; $1.497 ;NO;;;;
18000001-45;USR-1089;Cliente 89;SSN-90089;cliente89@gmailcom;Aceptado;ADL;1993-01-01;2024-12-02;22:52:48;23:00:48;1901608589;residencial;FALSE;DEV-5089;Safari;es-CL;Claro;CHILE;SANTIAGO;GMT-3;3345 S, 7066 O;25;cuenta rut;cod-51 fondo insuficiente;Cliente 89;PREPAGO; $721 ; CL ;SL;Gold;8;NOC;2000; $1.481 ;NO;;;;
18000002 -46;USR-1090;Cliente 90;SSN-90090;cliente90@gmailcom;Aceptado;SNR;1978-01-01;2024-04-17;22:53:24;23:49:24;1901608590;residencial;FALSE;DEV-5090;Safari;es-CL;Mundo;CHILE;CONCEPCION;GMT-3;3682 S, 7303 O;444;mastercard credito;cod 00 -aprobado;Cliente 90;PREPAGO; $1.170 ; CL ;PK;Black;56;NOC;5000; $4.182 ;NO;;;;
18000001-46;USR-1091;Cliente 91;SSN-90091;cliente91@gmailcom;Aceptado;ADL;1993-01-01;2023-05-23;22:54:00;03:23:00;1901608591;residencial;FALSE;DEV-5091;Safari;es-CL;Claro;CHILE;VIБ DEL MAR;GMT-3;3302 S, 7155 O;51;mach prepago;cod 00 -aprobado;Cliente 91;DEBITO; $1.293 ; CL ;RL;Black;269;NOC;5000; $4.195 ;SI;;;;
18000002 -47;USR-1092;Cliente 92;SSN-90092;cliente92@gmailcom;Aceptado;ADL;1998-01-01;2023-12-25;22:54:36;01:07:36;1901608592;m要il;FALSE;DEV-5092;Chrome;es-CL;Claro;CHILE;VALPARAISO;GMT-3;3304 S, 7161 O;36;visa debito;cod 00 -aprobado;Cliente 92;CREDITO; $1.080 ; CL ;RL;Platinum;133;NOC;3500; $2.762 ;SI;;;;
18000001-47;USR-1093;Cliente 93;SSN-90093;cliente93@gmailcom;Aceptado;GSR;1965-01-01;2026-08-03;22:55:12;06:10:12;1901608593;residencial;FALSE;DEV-5093;Chrome;es-CL;Movistar;CHILE;ANTOFAGASTA;GMT-3;2365 S, 7040 O;429;cuenta rut;cod-51 fondo insuficiente;Cliente 93;CREDITO; $959 ; CL ;RL;Platinum;435;NOC;3500; $2.801 ;SI;;;;
18000002 -48;USR-1094;Cliente 94;SSN-90094;cliente94@gmailcom;Aceptado;ADL;1993-01-01;2026-05-26;22:55:48;23:11:48;1901608594;m要il;FALSE;DEV-5094;Firefox;es-CL;VTR;CHILE;LA SERENA;GMT-3;2990 S, 7125 O;112;mastercard credito;cod 00 -aprobado;Cliente 94;DEBITO; $945 ; CL ;RL;Platinum;16;NOC;3500; $2.817 ;NO;;;;
18000001-48;USR-1095;Cliente 95;SSN-90095;cliente95@gmailcom;Aceptado;ADL;1999-01-01;2026-08-19;22:56:24;23:54:24;1901608595;residencial;FALSE;DEV-5095;Firefox;es-CL;Entel;CHILE;TEMUCO;GMT-3;3873 S, 7259 O;265;visa debito;cod 00 -aprobado;Cliente 95;DEBITO; $292 ; CL ;BJ;Blue;58;NOC;250; $172 ;SI;;;;
18000002 -49;USR-1096;Cliente 96;SSN-90096;cliente96@gmailcom;No Aceptado;GSR;1955-01-01;2025-05-05;22:57:00;02:25:00;1901608596;residencial;FALSE;DEV-5096;Chrome;es-CL;VTR;CHILE;RANCAGUA;GMT-3;3417 S, 7074 O;462;visa debito;cod 00 -aprobado;Cliente 96;PREPAGO; $703 ; CL ;RL;Gold;208;NOC;2000; $1.471 ;NO;;;;
18000001-49;USR-1097;Cliente 97;SSN-90097;cliente97@gmailcom;Aceptado;ADL;1994-01-01;2023-04-11;22:57:36;00:23:36;1901608597;m要il;TRUE;DEV-5097;Edge;es-CL;Mundo;CHILE;SANTIAGO;GMT-3;3345 S, 7066 O;157;mastercard credito;cod 00 -aprobado;Cliente 97;PREPAGO; $1.495 ; CL ;SL;Black;86;NOC;5000; $4.223 ;NO;;;;
18000002 -50;USR-1098;Cliente 98;SSN-90098;cliente98@gmailcom;Aceptado;SNR;1982-01-01;2025-01-03;22:58:12;05:01:12;1901608598;residencial;FALSE;DEV-5098;Firefox;es-CL;Entel;CHILE;CONCEPCION;GMT-3;3682 S, 7303 O;495;cuenta rut;cod 00 -aprobado;Cliente 98;DEBITO; $613 ; CL ;SL;Orange;363;NOC;1000; $804 ;SI;;;;
18000001-50;USR-1099;Cliente 99;SSN-90099;cliente99@gmailcom;Aceptado;ADL;1999-01-01;2024-02-23;22:58:48;23:29:48;1901608599;m要il;FALSE;DEV-5099;Chrome;es-CL;Entel;CHILE;VIБ DEL MAR;GMT-3;3302 S, 7155 O;52;visa debito;cod 00 -aprobado;Cliente 99;CREDITO; $420 ; CL ;BJ;Orange;31;NOC;1000; $787 ;SI;;;;
18000002 -51;USR-1100;Cliente 100;SSN-90100;alerta_europa@gmail.com;Aceptado;ADL;1991-01-01;2026-12-08;22:59:24;00:43:24;46.112.55.12;data center;FALSE;DEV-5100;Chrome;es-CL;Deutsche Telekom;ALEMANIA;BERLIN;GMT+1;3304 S, 7161 O;385;mastercard credito;cod 00 -aprobado;Cliente 100;CREDITO; $1.086 ; CL ;PK;Platinum;104;NOC;3500; $2.837 ;NO;;;;
18000001-51;USR-1101;Cliente 101;SSN-90101;cliente101@gmailcom;Aceptado;ADL;1998-01-01;2026-04-16;23:00:00;04:25:00;19016085101;residencial;FALSE;DEV-5101;Safari;es-CL;Movistar;CHILE;ANTOFAGASTA;GMT-3;2365 S, 7040 O;307;tenpo;cod 00 -aprobado;Cliente 101;DEBITO; $582 ; CL ;BJ;Orange;325;NOC;1000; $841 ;SI;;;;
18000002 -52;USR-1102;Cliente 102;SSN-90102;cliente102@gmailcom;No Aceptado;SNR;1982-01-01;2025-10-12;23:00:36;05:02:36;19016085102;residencial;FALSE;DEV-5102;Edge;es-CL;Movistar;CHILE;LA SERENA;GMT-3;2990 S, 7125 O;39;cuenta rut;cod 00 -aprobado;Cliente 102;DEBITO; $1.164 ; CL ;RL;Black;362;NOC;5000; $4.229 ;NO;;;;
18000001-52;USR-1103;Cliente 103;SSN-90103;cliente103@gmailcom;Aceptado;ADL;1986-01-01;2024-11-02;23:01:12;03:13:12;19016085103;residencial;FALSE;DEV-5103;Safari;es-CL;Mundo;CHILE;TEMUCO;GMT-3;3873 S, 7259 O;464;cuenta rut;cod 00 -aprobado;Cliente 103;PREPAGO; $771 ; US ;PK;Gold;252;NOC;2000; $1.460 ;NO;;;;
18000002 -53;USR-1104;Cliente 104;SSN-90104;cliente104@gmailcom;Aceptado;SNR;1983-01-01;2023-04-07;23:01:48;01:55:48;19016085104;residencial;FALSE;DEV-5104;Firefox;es-CL;VTR;CHILE;RANCAGUA;GMT-3;3417 S, 7074 O;320;mach prepago;cod 00 -aprobado;Cliente 104;PREPAGO; $1.068 ; CL ;RL;Platinum;174;NOC;3500; $2.835 ;NO;;;;
18000001-53;USR-1105;Cliente 105;SSN-90105;cliente105@gmailcom;Aceptado;ADL;1995-01-01;2025-10-08;23:02:24;02:10:24;19016085105;residencial;FALSE;DEV-5105;Safari;es-CL;VTR;CHILE;SANTIAGO;GMT-3;3345 S, 7066 O;265;cuenta rut;cod 00 -aprobado;Cliente 105;DEBITO; $229 ; CL ;RL;Blue;188;NOC;250; $178 ;SI;;;;
18000002 -54;USR-1106;Cliente 106;SSN-90106;cliente106@gmailcom;Aceptado;SNR;1984-01-01;2025-01-23;23:03:00;00:26:00;19016085106;m要il;FALSE;DEV-5106;Edge;es-CL;Claro;CHILE;CONCEPCION;GMT-3;3682 S, 7303 O;241;mach prepago;cod-51 fondo insuficiente;Cliente 106;CREDITO; $1.077 ; CL ;RL;Platinum;83;NOC;3500; $2.766 ;SI;;;;
18000001-54;USR-1107;Cliente 107;SSN-90107;cliente107@gmailcom;No Aceptado;ADL;1999-01-01;2024-09-17;23:03:36;04:39:36;19016085107;m要il;FALSE;DEV-5107;Chrome;es-CL;Entel;CHILE;VIБ DEL MAR;GMT-3;3302 S, 7155 O;229;visa credito;cod 00 -aprobado;Cliente 107;CREDITO; $1.425 ; CL ;SL;Black;336;NOC;5000; $4.243 ;SI;;;;
18000002 -55;USR-1108;Cliente 108;SSN-90108;cliente108@gmailcom;Aceptado;ADL;1996-01-01;2026-06-14;23:04:12;06:59:12;19016085108;residencial;FALSE;DEV-5108;Chrome;es-CL;VTR;CHILE;VALPARAISO;GMT-3;3304 S, 7161 O;101;cuenta rut;cod 00 -aprobado;Cliente 108;DEBITO; $464 ; CL ;RL;Orange;475;NOC;1000; $777 ;SI;;;;
18000001-55;USR-1109;Cliente 109;SSN-90109;cliente109@gmailcom;Aceptado;SNR;1982-01-01;2026-12-02;23:04:48;06:48:48;19016085109;m要il;FALSE;DEV-5109;Chrome;es-CL;Entel;CHILE;ANTOFAGASTA;GMT-3;2365 S, 7040 O;9;visa debito;cod 00 -aprobado;Cliente 109;DEBITO; $1.209 ; CL ;SL;Black;464;NOC;5000; $4.223 ;SI;;;;
18000002 -56;USR-1110;Cliente 110;SSN-90110;cliente110@gmailcom;No Aceptado;GSR;1961-01-01;2024-04-25;23:05:24;07:05:24;19016085110;residencial;FALSE;DEV-5110;Chrome;es-CL;Mundo;CHILE;LA SERENA;GMT-3;2990 S, 7125 O;114;visa debito;cod 00 -aprobado;Cliente 110;PREPAGO; $1.206 ; CL ;RL;Black;480;NOC;5000; $4.181 ;NO;;;;
18000001-56;USR-1111;Cliente 111;SSN-90111;cliente111@gmailcom;Aceptado;GSR;1961-01-01;2024-05-07;23:06:00;03:12:00;19016085111;residencial;FALSE;DEV-5111;Safari;es-CL;VTR;CHILE;TEMUCO;GMT-3;3873 S, 7259 O;192;visa credito;cod 00 -aprobado;Cliente 111;PREPAGO; $945 ; CL ;BJ;Platinum;246;NOC;3500; $2.821 ;NO;;;;
18000002 -57;USR-1112;Cliente 112;SSN-90112;cliente112@gmailcom;Aceptado;SNR;1973-01-01;2025-09-02;23:06:36;03:14:36;19016085112;residencial;FALSE;DEV-5112;Chrome;es-CL;Movistar;CHILE;RANCAGUA;GMT-3;3417 S, 7074 O;194;cuenta rut;cod 00 -aprobado;Cliente 112;DEBITO; $1.337 ; CL ;PK;Black;248;NOC;5000; $4.171 ;SI;;;;
18000001-57;USR-1113;Cliente 113;SSN-90113;cliente113@gmailcom;No Aceptado;GSR;1965-01-01;2026-03-10;23:07:12;06:23:12;19016085113;residencial;FALSE;DEV-5113;Chrome;es-CL;Entel;CHILE;SANTIAGO;GMT-3;3345 S, 7066 O;65;cuenta rut;cod 00 -aprobado;Cliente 113;CREDITO; $66 ; CL ;BJ;Blue;436;NOC;250; $145 ;SI;;;;
18000002 -58;USR-1114;Cliente 114;SSN-90114;cliente114@gmailcom;Aceptado;SNR;1968-01-01;2025-11-26;23:07:48;01:45:48;19016085114;residencial;FALSE;DEV-5114;Chrome;es-CL;VTR;CHILE;CONCEPCION;GMT-3;3682 S, 7303 O;318;visa credito;cod 00 -aprobado;Cliente 114;CREDITO; $1.242 ; CL ;BJ;Black;158;NOC;5000; $4.211 ;NO;;;;
18000001-58;USR-1115;Cliente 115;SSN-90115;cliente115@gmailcom;Aceptado;ADL;1999-01-01;2023-01-11;23:08:24;02:57:24;19016085115;m要il;TRUE;DEV-5115;Chrome;es-CL;Claro;CHILE;VIБ DEL MAR;GMT-3;3302 S, 7155 O;295;mastercard credito;cod 00 -aprobado;Cliente 115;DEBITO; $417 ; CL ;RL;Orange;229;NOC;1000; $781 ;NO;;;;
18000002 -59;USR-1116;Cliente 116;SSN-90116;cliente116@gmailcom;Aceptado;ADL;1994-01-01;2025-10-16;23:09:00;06:38:00;19016085116;residencial;FALSE;DEV-5116;Chrome;en-US;Mundo;CHILE;VALPARAISO;GMT-3;3304 S, 7161 O;20;tenpo;cod 00 -aprobado;Cliente 116;DEBITO; $760 ; CL ;SL;Gold;449;NOC;2000; $1.535 ;SI;;;;
18000001-59;USR-1117;Cliente 117;SSN-90117;cliente117@gmailcom;Aceptado;GSR;1958-01-01;2023-10-17;23:09:36;01:28:36;19016085117;residencial;FALSE;DEV-5117;Safari;es-CL;Entel;CHILE;ANTOFAGASTA;GMT-3;2365 S, 7040 O;291;cuenta rut;cod 00 -aprobado;Cliente 117;PREPAGO; $621 ; CL ;RL;Orange;139;NOC;1000; $813 ;SI;;;;
18000002 -60;USR-1118;Cliente 118;SSN-90118;cliente118@gmailcom;Aceptado;SNR;1969-01-01;2024-11-08;23:10:12;01:55:12;19016085118;residencial;FALSE;DEV-5118;Chrome;es-CL;Entel;CHILE;LA SERENA;GMT-3;2990 S, 7125 O;202;visa debito;cod 00 -aprobado;Cliente 118;PREPAGO; $1.500 ; CL ;PK;Black;165;NOC;5000; $4.191 ;NO;;;;
18000001-60;USR-1119;Cliente 119;SSN-90119;cliente119@gmailcom;No Aceptado;SNR;1981-01-01;2025-04-09;23:10:48;04:48:48;19016085119;residencial;FALSE;DEV-5119;Chrome;es-CL;Entel;CHILE;TEMUCO;GMT-3;3873 S, 7259 O;461;cuenta rut;cod-51 fondo insuficiente;Cliente 119;DEBITO; $786 ; CL ;RL;Gold;338;NOC;2000; $1.494 ;NO;;;;
18000002 -61;USR-1120;Cliente 120;SSN-90120;cliente120@gmailcom;Aceptado;GSR;1953-01-01;2024-07-21;23:11:24;01:00:24;19016085120;m要il;FALSE;DEV-5120;Chrome;es-CL;Claro;CHILE;RANCAGUA;GMT-3;3417 S, 7074 O;491;cuenta rut;cod 00 -aprobado;Cliente 120;CREDITO; $229 ; ES ;RL;Blue;109;NOC;250; $144 ;SI;;;;
18000001-61;USR-1121;Cliente 121;SSN-90121;cliente121@gmailcom;No Aceptado;GSR;1957-01-01;2024-01-17;23:12:00;07:03:00;19016085121;residencial;FALSE;DEV-5121;Safari;es-CL;Movistar;CHILE;SANTIAGO;GMT-3;3345 S, 7066 O;118;mach prepago;cod 00 -aprobado;Cliente 121;CREDITO; $396 ; CL ;RL;Blue;471;NOC;250; $183 ;NO;;;;
18000002 -62;USR-1122;Cliente 122;SSN-90122;cliente122@gmailcom;Aceptado;ADL;1992-01-01;2025-01-10;23:12:36;06:42:36;19016085122;residencial;FALSE;DEV-5122;Chrome;en-US;VTR;CHILE;CONCEPCION;GMT-3;3682 S, 7303 O;263;mach prepago;cod 00 -aprobado;Cliente 122;DEBITO; $295 ; ES ;BJ;Blue;450;NOC;250; $188 ;SI;;;;
18000001-62;USR-1123;Cliente 123;SSN-90123;cliente123@gmailcom;Aceptado;ADL;1993-01-01;2024-08-07;23:13:12;03:17:12;19016085123;data center;FALSE;DEV-5123;Safari;es-CL;Claro;CHILE;VIБ DEL MAR;GMT-3;3302 S, 7155 O;66;visa debito;cod 00 -aprobado;Cliente 123;DEBITO; $558 ; CL ;SL;Orange;244;NOC;1000; $789 ;SI;;;;
18000002 -63;USR-1124;Cliente 124;SSN-90124;cliente124@gmailcom;Aceptado;SNR;1972-01-01;2024-06-24;23:13:48;05:19:48;19016085124;residencial;FALSE;DEV-5124;Firefox;es-CL;Movistar;CHILE;VALPARAISO;GMT-3;3304 S, 7161 O;263;visa credito;cod 00 -aprobado;Cliente 124;PREPAGO; $414 ; CL ;SL;Orange;366;NOC;1000; $786 ;SI;;;;
18000001-63;USR-1125;Cliente 125;SSN-90125;cliente125@gmailcom;Aceptado;ADL;1997-01-01;2025-11-02;23:14:24;03:10:24;19016085125;residencial;FALSE;DEV-5125;Firefox;es-CL;Movistar;CHILE;ANTOFAGASTA;GMT-3;2365 S, 7040 O;110;cuenta rut;cod 00 -aprobado;Cliente 125;PREPAGO; $842 ; CL ;SL;Gold;236;NOC;2000; $1.464 ;NO;;;;
18000002 -64;USR-1126;Cliente 126;SSN-90126;cliente126@gmailcom;Aceptado;ADL;1989-01-01;2026-12-22;23:15:00;07:14:00;19016085126;m要il;FALSE;DEV-5126;Firefox;es-CL;Mundo;CHILE;LA SERENA;GMT-3;2990 S, 7125 O;443;cuenta rut;cod 00 -aprobado;Cliente 126;DEBITO; $807 ; CL ;SL;Gold;479;NOC;2000; $1.463 ;SI;;;;
18000001-64;USR-1127;Cliente 127;SSN-90127;cliente127@gmailcom;Aceptado;SNR;1972-01-01;2023-05-26;23:15:36;02:14:36;19016085127;m要il;FALSE;DEV-5127;Chrome;es-CL;VTR;CHILE;TEMUCO;GMT-3;3873 S, 7259 O;100;cuenta rut;cod 00 -aprobado;Cliente 127;CREDITO; $1.133 ; CL ;SL;Black;179;NOC;5000; $4.168 ;NO;;;;
18000002 -65;USR-1128;Cliente 128;SSN-90128;cliente128@gmailcom;Aceptado;ADL;1992-01-01;2025-09-21;23:16:12;00:04:12;19016085128;m要il;FALSE;DEV-5128;Chrome;es-CL;Movistar;CHILE;RANCAGUA;GMT-3;3417 S, 7074 O;272;visa credito;cod 00 -aprobado;Cliente 128;CREDITO; $555 ; CL ;PK;Orange;48;NOC;1000; $771 ;SI;;;;
18000001-65;USR-1129;Cliente 129;SSN-90129;cliente129@gmailcom;Aceptado;ADL;1994-01-01;2026-11-24;23:16:48;02:45:48;19016085129;residencial;FALSE;DEV-5129;Chrome;es-CL;VTR;CHILE;SANTIAGO;GMT-3;3345 S, 7066 O;142;cuenta rut;cod 00 -aprobado;Cliente 129;DEBITO; $376 ; CL ;BJ;Blue;209;NOC;250; $189 ;SI;;;;
18000002 -66;USR-1130;Cliente 130;SSN-90130;cliente130@gmailcom;Aceptado;SNR;1972-01-01;2023-10-25;23:17:24;00:10:24;19016085130;residencial;FALSE;DEV-5130;Chrome;es-CL;Entel;CHILE;CONCEPCION;GMT-3;3682 S, 7303 O;42;mastercard credito;cod 00 -aprobado;Cliente 130;DEBITO; $1.120 ; CL ;PK;Black;53;NOC;5000; $4.213 ;SI;;;;
18000001-66;USR-1131;Cliente 131;SSN-90131;cliente131@gmailcom;No Aceptado;SNR;1979-01-01;2026-12-11;23:18:00;03:21:00;19016085131;residencial;FALSE;DEV-5131;Safari;es-CL;VTR;CHILE;VIБ DEL MAR;GMT-3;3302 S, 7155 O;298;cuenta rut;cod 00 -aprobado;Cliente 131;PREPAGO; $757 ; CL ;BJ;Gold;243;NOC;2000; $1.455 ;NO;;;;
18000002 -67;USR-1132;Cliente 132;SSN-90132;cliente132@gmailcom;Aceptado;SNR;1968-01-01;2024-01-14;23:18:36;03:33:36;19016085132;residencial;FALSE;DEV-5132;Chrome;es-CL;Movistar;CHILE;VALPARAISO;GMT-3;3304 S, 7161 O;422;cuenta rut;cod 00 -aprobado;Cliente 132;PREPAGO; $105 ; CL ;SL;Blue;255;NOC;250; $114 ;NO;;;;
18000001-67;USR-1133;Cliente 133;SSN-90133;cliente133@gmailcom;No Aceptado;SNR;1983-01-01;2025-01-25;23:19:12;03:39:12;19016085133;m要il;FALSE;DEV-5133;Firefox;es-CL;Claro;CHILE;ANTOFAGASTA;GMT-3;2365 S, 7040 O;349;visa debito;cod 00 -aprobado;Cliente 133;DEBITO; $898 ; ES ;PK;Gold;260;NOC;2000; $1.524 ;SI;;;;
18000002 -68;USR-1134;Cliente 134;SSN-90134;cliente134@gmailcom;Aceptado;ADL;1991-01-01;2025-04-03;23:19:48;06:20:48;19016085134;residencial;FALSE;DEV-5134;Safari;es-CL;VTR;CHILE;LA SERENA;GMT-3;2990 S, 7125 O;365;cuenta rut;cod 00 -aprobado;Cliente 134;CREDITO; $1.483 ; BR ;RL;Black;421;NOC;5000; $4.166 ;NO;;;;
18000001-68;USR-1135;Cliente 135;SSN-90135;cliente135@gmailcom;Aceptado;SNR;1976-01-01;2026-03-09;23:20:24;04:48:24;19016085135;residencial;FALSE;DEV-5135;Chrome;es-CL;Movistar;CHILE;TEMUCO;GMT-3;3873 S, 7259 O;477;cuenta rut;cod 00 -aprobado;Cliente 135;CREDITO; $1.168 ; CL ;PK;Black;328;NOC;5000; $4.198 ;NO;;;;
18000002 -69;USR-1136;Cliente 136;SSN-90136;cliente136@gmailcom;Aceptado;GSR;1956-01-01;2023-10-01;23:21:00;02:41:00;19016085136;residencial;FALSE;DEV-5136;Chrome;en-US;Movistar;CHILE;RANCAGUA;GMT-3;3417 S, 7074 O;92;visa credito;cod 00 -aprobado;Cliente 136;DEBITO; $903 ; CL ;PK;Platinum;200;NOC;3500; $2.813 ;NO;;;;
18000001-69;USR-1137;Cliente 137;SSN-90137;cliente137@gmailcom;Aceptado;GSR;1957-01-01;2023-03-08;23:21:36;01:31:36;19016085137;m要il;FALSE;DEV-5137;Chrome;es-CL;Mundo;CHILE;SANTIAGO;GMT-3;3345 S, 7066 O;338;visa debito;cod 00 -aprobado;Cliente 137;DEBITO; $1.015 ; CL ;PK;Platinum;130;NOC;3500; $2.768 ;NO;;;;
18000002 -70;USR-1138;Cliente 138;SSN-90138;cliente138@gmailcom;No Aceptado;GSR;1955-01-01;2025-10-14;23:22:12;06:34:12;19016085138;m要il;FALSE;DEV-5138;Chrome;es-CL;Mundo;CHILE;CONCEPCION;GMT-3;3682 S, 7303 O;400;cuenta rut;cod 00 -aprobado;Cliente 138;PREPAGO; $91 ; CL ;PK;Blue;432;NOC;250; $148 ;SI;;;;
18000001-70;USR-1139;Cliente 139;SSN-90139;cliente139@gmailcom;Aceptado;ADL;1999-01-01;2024-03-27;23:22:48;00:39:48;19016085139;residencial;FALSE;DEV-5139;Safari;es-CL;Entel;CHILE;VIБ DEL MAR;GMT-3;3302 S, 7155 O;460;mastercard credito;cod 00 -aprobado;Cliente 139;PREPAGO; $760 ; CL ;BJ;Gold;77;NOC;2000; $1.533 ;NO;;;;
18000002 -71;USR-1140;Cliente 140;SSN-90140;cliente140@gmailcom;Aceptado;GSR;1962-01-01;2026-08-11;23:23:24;02:51:24;19016085140;m要il;FALSE;DEV-5140;Firefox;es-CL;Movistar;CHILE;VALPARAISO;GMT-3;3304 S, 7161 O;146;cuenta rut;cod 00 -aprobado;Cliente 140;DEBITO; $1.173 ; CL ;RL;Black;208;NOC;5000; $4.200 ;NO;;;;
18000001-71;USR-1141;Cliente 141;SSN-90141;cliente141@gmailcom;Aceptado;ADL;1994-01-01;2023-03-26;23:24:00;00:19:00;19016085141;residencial;FALSE;DEV-5141;Chrome;es-CL;Movistar;CHILE;ANTOFAGASTA;GMT-3;2365 S, 7040 O;430;tenpo;cod 00 -aprobado;Cliente 141;CREDITO; $1.278 ; CL ;SL;Black;55;NOC;5000; $4.164 ;SI;;;;
18000002 -72;USR-1142;Cliente 142;SSN-90142;cliente142@gmailcom;No Aceptado;SNR;1969-01-01;2023-05-15;23:24:36;03:34:36;19016085142;residencial;FALSE;DEV-5142;Edge;es-CL;Mundo;CHILE;LA SERENA;GMT-3;2990 S, 7125 O;356;mastercard credito;cod 00 -aprobado;Cliente 142;CREDITO; $667 ; CL ;RL;Orange;250;NOC;1000; $800 ;SI;;;;
18000001-72;USR-1143;Cliente 143;SSN-90143;cliente143@gmailcom;No Aceptado;GSR;1955-01-01;2025-10-04;23:25:12;04:32:12;19016085143;residencial;FALSE;DEV-5143;Chrome;es-CL;Claro;CHILE;TEMUCO;GMT-3;3873 S, 7259 O;153;mach prepago;cod-51 fondo insuficiente;Cliente 143;DEBITO; $546 ; CL ;SL;Orange;307;NOC;1000; $766 ;SI;;;;
18000002 -73;USR-1144;Cliente 144;SSN-90144;cliente144@gmailcom;Aceptado;SNR;1972-01-01;2024-06-14;23:25:48;23:38:48;19016085144;residencial;FALSE;DEV-5144;Safari;es-CL;Claro;CHILE;RANCAGUA;GMT-3;3417 S, 7074 O;323;cuenta rut;cod 00 -aprobado;Cliente 144;DEBITO; $385 ; CL ;PK;Blue;13;NOC;250; $191 ;NO;;;;
18000001-73;USR-1145;Cliente 145;SSN-90145;cliente145@gmailcom;Aceptado;GSR;1958-01-01;2024-11-06;23:26:24;23:58:24;19016085145;m要il;FALSE;DEV-5145;Chrome;es-CL;Mundo;CHILE;SANTIAGO;GMT-3;3345 S, 7066 O;456;tenpo;cod 00 -aprobado;Cliente 145;PREPAGO; $869 ; CL ;RL;Gold;32;NOC;2000; $1.518 ;SI;;;;
18000002 -74;USR-1146;Cliente 146;SSN-90146;cliente146@gmailcom;Aceptado;GSR;1953-01-01;2024-12-13;23:27:00;01:11:00;19016085146;residencial;FALSE;DEV-5146;Chrome;es-CL;Entel;CHILE;CONCEPCION;GMT-3;3682 S, 7303 O;162;cuenta rut;cod 00 -aprobado;Cliente 146;PREPAGO; $1.116 ; CL ;PK;Black;104;NOC;5000; $4.227 ;NO;;;;
18000001-74;USR-1147;Cliente 147;SSN-90147;cliente147@gmailcom;Aceptado;SNR;1984-01-01;2026-10-08;23:27:36;01:25:36;19016085147;residencial;FALSE;DEV-5147;Chrome;es-CL;VTR;CHILE;VIБ DEL MAR;GMT-3;3302 S, 7155 O;444;mastercard credito;cod 00 -aprobado;Cliente 147;DEBITO; $244 ; CL ;BJ;Blue;118;NOC;250; $107 ;NO;;;;
18000002 -75;USR-1148;Cliente 148;SSN-90148;cliente148@gmailcom;Aceptado;ADL;1992-01-01;2023-07-25;23:28:12;01:05:12;19016085148;residencial;FALSE;DEV-5148;Firefox;es-CL;Movistar;CHILE;VALPARAISO;GMT-3;3304 S, 7161 O;481;visa debito;cod 00 -aprobado;Cliente 148;CREDITO; $1.011 ; CL ;PK;Platinum;97;NOC;3500; $2.817 ;SI;;;;
18000001-75;USR-1149;Cliente 149;SSN-90149;cliente149@gmailcom;Aceptado;GSR;1963-01-01;2025-06-26;23:28:48;00:23:48;19016085149;residencial;FALSE;DEV-5149;Chrome;es-CL;Entel;CHILE;ANTOFAGASTA;GMT-3;2365 S, 7040 O;434;mach prepago;cod 00 -aprobado;Cliente 149;CREDITO; $665 ; CL ;PK;Orange;55;NOC;1000; $795 ;SI;;;;
18000002 -76;USR-1150;Cliente 150;SSN-90150;cliente150@gmailcom;Aceptado;ADL;1993-01-01;2025-04-22;23:29:24;00:30:24;19016085150;residencial;TRUE;DEV-5150;Chrome;es-CL;VTR;CHILE;LA SERENA;GMT-3;2990 S, 7125 O;371;cuenta rut;cod 00 -aprobado;Cliente 150;DEBITO; $384 ; CL ;BJ;Blue;61;NOC;250; $184 ;SI;;;;
18000001-76;USR-1151;Cliente 151;SSN-90151;cliente151@gmailcom;No Aceptado;ADL;1992-01-01;2026-03-01;23:30:00;04:12:00;19016085151;m要il;FALSE;DEV-5151;Chrome;es-CL;VTR;CHILE;TEMUCO;GMT-3;3873 S, 7259 O;387;mach prepago;cod 00 -aprobado;Cliente 151;DEBITO; $987 ; CL ;PK;Platinum;282;NOC;3500; $2.819 ;SI;;;;
18000002 -77;USR-1152;Cliente 152;SSN-90152;cliente152@gmailcom;Aceptado;GSR;1960-01-01;2024-03-02;23:30:36;07:12:36;19016085152;m要il;FALSE;DEV-5152;Chrome;es-CL;Mundo;CHILE;RANCAGUA;GMT-3;3417 S, 7074 O;389;visa credito;cod 00 -aprobado;Cliente 152;PREPAGO; $430 ; CL ;BJ;Orange;462;NOC;1000; $829 ;SI;;;;
18000001-77;USR-1153;Cliente 153;SSN-90153;cliente153@gmailcom;Aceptado;ADL;1990-01-01;2024-11-17;23:31:12;06:04:12;19016085153;residencial;TRUE;DEV-5153;Chrome;es-CL;Mundo;CHILE;SANTIAGO;GMT-3;3345 S, 7066 O;108;cuenta rut;cod 00 -aprobado;Cliente 153;PREPAGO; $323 ; CL ;SL;Blue;393;NOC;250; $150 ;SI;;;;
18000002 -78;USR-1154;Cliente 154;SSN-90154;cliente154@gmailcom;Aceptado;GSR;1956-01-01;2024-03-01;23:31:48;05:26:48;19016085154;m要il;FALSE;DEV-5154;Chrome;es-CL;Claro;CHILE;CONCEPCION;GMT-3;3682 S, 7303 O;168;mastercard credito;cod 00 -aprobado;Cliente 154;DEBITO; $1.444 ; CL ;RL;Black;355;NOC;5000; $4.235 ;SI;;;;
18000001-78;USR-1155;Cliente 155;SSN-90155;cliente155@gmailcom;Aceptado;SNR;1971-01-01;2025-10-11;23:32:24;04:25:24;19016085155;residencial;FALSE;DEV-5155;Firefox;es-CL;Entel;CHILE;VIБ DEL MAR;GMT-3;3302 S, 7155 O;58;mastercard credito;cod 00 -aprobado;Cliente 155;CREDITO; $300 ; CL ;BJ;Blue;293;NOC;250; $158 ;SI;;;;
18000002 -79;USR-1156;Cliente 156;SSN-90156;cliente156@gmailcom;No Aceptado;SNR;1978-01-01;2024-03-12;23:33:00;03:17:00;19016085156;residencial;FALSE;DEV-5156;Chrome;es-CL;Movistar;CHILE;VALPARAISO;GMT-3;3304 S, 7161 O;339;mastercard credito;cod 00 -aprobado;Cliente 156;CREDITO; $1.222 ; CL ;RL;Black;224;NOC;5000; $4.217 ;SI;;;;
18000001-79;USR-1157;Cliente 157;SSN-90157;cliente157@gmailcom;Aceptado;GSR;1955-01-01;2025-07-05;23:33:36;02:59:36;19016085157;m要il;FALSE;DEV-5157;Chrome;es-CL;VTR;CHILE;ANTOFAGASTA;GMT-3;2365 S, 7040 O;415;visa debito;cod-43 tarjeta robada;Cliente 157;DEBITO; $771 ; CL ;RL;Gold;206;NOC;2000; $1.528 ;NO;;;;
18000002 -80;USR-1158;Cliente 158;SSN-90158;cliente158@gmailcom;Aceptado;SNR;1967-01-01;2023-10-01;23:34:12;02:04:12;19016085158;residencial;FALSE;DEV-5158;Chrome;es-CL;Mundo;CHILE;LA SERENA;GMT-3;2990 S, 7125 O;232;visa credito;cod 00 -aprobado;Cliente 158;DEBITO; $213 ; CL ;BJ;Blue;150;NOC;250; $161 ;SI;;;;
18000001-80;USR-1159;Cliente 159;SSN-90159;cliente159@gmailcom;No Aceptado;ADL;1990-01-01;2024-09-07;23:34:48;00:51:48;19016085159;residencial;FALSE;DEV-5159;Chrome;es-CL;Entel;CHILE;TEMUCO;GMT-3;3873 S, 7259 O;313;cuenta rut;cod-51 fondo insuficiente;Cliente 159;PREPAGO; $331 ; CL ;PK;Blue;77;NOC;250; $190 ;SI;;;;
18000002 -81;USR-1160;Cliente 160;SSN-90160;cliente160@gmailcom;Aceptado;GSR;1954-01-01;2024-09-14;23:35:24;03:15:24;19016085160;residencial;FALSE;DEV-5160;Chrome;es-CL;Mundo;CHILE;RANCAGUA;GMT-3;3417 S, 7074 O;308;mach prepago;cod-51 fondo insuficiente;Cliente 160;PREPAGO; $1.002 ; BR ;PK;Platinum;220;NOC;3500; $2.839 ;SI;;;;
18000001-81;USR-1161;Cliente 161;SSN-90161;cliente161@gmailcom;Aceptado;GSR;1963-01-01;2024-06-25;23:36:00;07:23:00;19016085161;residencial;FALSE;DEV-5161;Safari;es-CL;Claro;CHILE;SANTIAGO;GMT-3;3345 S, 7066 O;273;visa credito;cod 00 -aprobado;Cliente 161;DEBITO; $486 ; CL ;PK;Orange;467;NOC;1000; $772 ;SI;;;;
18000002 -82;USR-1162;Cliente 162;SSN-90162;cliente162@gmailcom;Aceptado;SNR;1977-01-01;2026-08-24;23:36:36;06:45:36;19016085162;residencial;TRUE;DEV-5162;Chrome;es-CL;Mundo;CHILE;CONCEPCION;GMT-3;3682 S, 7303 O;320;mach prepago;cod 00 -aprobado;Cliente 162;CREDITO; $1.356 ; CL ;RL;Black;429;NOC;5000; $4.182 ;NO;;;;
18000001-82;USR-1163;Cliente 163;SSN-90163;cliente163@gmailcom;Aceptado;GSR;1960-01-01;2023-02-21;23:37:12;04:41:12;19016085163;m要il;FALSE;DEV-5163;Safari;en-US;Entel;CHILE;VIБ DEL MAR;GMT-3;3302 S, 7155 O;48;visa debito;cod 00 -aprobado;Cliente 163;CREDITO; $1.486 ; CL ;SL;Black;304;NOC;5000; $4.198 ;SI;;;;
18000002 -83;USR-1164;Cliente 164;SSN-90164;cliente164@gmailcom;Aceptado;ADL;1997-01-01;2026-11-02;23:37:48;01:19:48;19016085164;residencial;TRUE;DEV-5164;Chrome;es-CL;Mundo;CHILE;VALPARAISO;GMT-3;3304 S, 7161 O;299;cuenta rut;cod 00 -aprobado;Cliente 164;DEBITO; $206 ; ES ;SL;Blue;102;NOC;250; $190 ;NO;;;;
18000001-83;USR-1165;Cliente 165;SSN-90165;cliente165@gmailcom;Aceptado;SNR;1967-01-01;2023-08-01;23:38:24;03:37:24;19016085165;residencial;FALSE;DEV-5165;Edge;es-CL;Entel;CHILE;ANTOFAGASTA;GMT-3;2365 S, 7040 O;324;mach prepago;cod 00 -aprobado;Cliente 165;DEBITO; $1.243 ; CL ;SL;Black;239;NOC;5000; $4.156 ;NO;;;;
18000002 -84;USR-1166;Cliente 166;SSN-90166;cliente166@gmailcom;Aceptado;SNR;1979-01-01;2023-08-14;23:39:00;00:15:00;19016085166;residencial;FALSE;DEV-5166;Edge;es-CL;Mundo;CHILE;LA SERENA;GMT-3;2990 S, 7125 O;13;visa credito;cod 00 -aprobado;Cliente 166;PREPAGO; $78 ; CL ;RL;Blue;36;NOC;250; $191 ;SI;;;;
18000001-84;USR-1167;Cliente 167;SSN-90167;cliente167@gmailcom;No Aceptado;GSR;1959-01-01;2026-09-16;23:39:36;01:58:36;19016085167;residencial;FALSE;DEV-5167;Safari;es-CL;Entel;CHILE;TEMUCO;GMT-3;3873 S, 7259 O;79;visa debito;cod 00 -aprobado;Cliente 167;PREPAGO; $295 ; CL ;RL;Blue;139;NOC;250; $172 ;SI;;;;
18000002 -85;USR-1168;Cliente 168;SSN-90168;cliente168@gmailcom;Aceptado;SNR;1970-01-01;2024-07-15;23:40:12;04:38:12;19016085168;residencial;FALSE;DEV-5168;Firefox;es-CL;Claro;CHILE;RANCAGUA;GMT-3;3417 S, 7074 O;359;visa debito;cod 00 -aprobado;Cliente 168;DEBITO; $52 ; CL ;PK;Blue;298;NOC;250; $127 ;NO;;;;
18000001-85;USR-1169;Cliente 169;SSN-90169;cliente169@gmailcom;Aceptado;SNR;1981-01-01;2023-07-05;23:40:48;06:51:48;19016085169;m要il;FALSE;DEV-5169;Chrome;es-CL;VTR;CHILE;SANTIAGO;GMT-3;3345 S, 7066 O;64;tenpo;cod 00 -aprobado;Cliente 169;CREDITO; $245 ; CL ;PK;Blue;431;NOC;250; $190 ;SI;;;;
18000002 -86;USR-1170;Cliente 170;SSN-90170;cliente170@gmailcom;Aceptado;SNR;1968-01-01;2025-04-10;23:41:24;05:38:24;19016085170;m要il;FALSE;DEV-5170;Safari;es-CL;Movistar;CHILE;CONCEPCION;GMT-3;3682 S, 7303 O;435;tenpo;cod-51 fondo insuficiente;Cliente 170;CREDITO; $1.189 ; CL ;PK;Black;357;NOC;5000; $4.207 ;SI;;;;
18000001-86;USR-1171;Cliente 171;SSN-90171;cliente171@gmailcom;No Aceptado;SNR;1973-01-01;2025-09-18;23:42:00;05:17:00;19016085171;residencial;FALSE;DEV-5171;Firefox;es-CL;VTR;CHILE;VIБ DEL MAR;GMT-3;3302 S, 7155 O;145;mastercard credito;cod 00 -aprobado;Cliente 171;DEBITO; $771 ; CL ;RL;Gold;335;NOC;2000; $1.486 ;NO;;;;
18000002 -87;USR-1172;Cliente 172;SSN-90172;cliente172@gmailcom;Aceptado;ADL;1994-01-01;2024-12-18;23:42:36;06:13:36;19016085172;m要il;FALSE;DEV-5172;Chrome;es-CL;Mundo;CHILE;VALPARAISO;GMT-3;3304 S, 7161 O;29;tenpo;cod-51 fondo insuficiente;Cliente 172;DEBITO; $292 ; CL ;RL;Blue;391;NOC;250; $135 ;SI;;;;
18000001-87;USR-1173;Cliente 173;SSN-90173;cliente173@gmailcom;Aceptado;ADL;1987-01-01;2026-07-12;23:43:12;07:01:12;19016085173;m要il;FALSE;DEV-5173;Safari;es-CL;Mundo;CHILE;ANTOFAGASTA;GMT-3;2365 S, 7040 O;482;visa credito;cod 00 -aprobado;Cliente 173;PREPAGO; $918 ; CL ;PK;Platinum;438;NOC;3500; $2.842 ;SI;;;;
18000002 -88;USR-1174;Cliente 174;SSN-90174;cliente174@gmailcom;Aceptado;GSR;1963-01-01;2023-05-17;23:43:48;00:28:48;19016085174;residencial;FALSE;DEV-5174;Chrome;es-CL;Claro;CHILE;LA SERENA;GMT-3;2990 S, 7125 O;494;visa debito;cod 00 -aprobado;Cliente 174;PREPAGO; $943 ; CL ;SL;Platinum;45;NOC;3500; $2.764 ;SI;;;;
18000001-88;USR-1175;Cliente 175;SSN-90175;cliente175@gmailcom;Aceptado;SNR;1969-01-01;2023-01-11;23:44:24;00:06:24;19016085175;m要il;TRUE;DEV-5175;Firefox;es-CL;Entel;CHILE;TEMUCO;GMT-3;3873 S, 7259 O;405;mastercard credito;cod 00 -aprobado;Cliente 175;DEBITO; $599 ; CL ;PK;Orange;22;NOC;1000; $810 ;SI;;;;
18000002 -89;USR-1176;Cliente 176;SSN-90176;cliente176@gmailcom;Aceptado;GSR;1950-01-01;2025-03-10;23:45:00;01:51:00;19016085176;residencial;TRUE;DEV-5176;Firefox;es-CL;Movistar;CHILE;RANCAGUA;GMT-3;3417 S, 7074 O;34;cuenta rut;cod 00 -aprobado;Cliente 176;CREDITO; $1.344 ; CL ;RL;Black;126;NOC;5000; $4.178 ;NO;;;;
18000001-89;USR-1177;Cliente 177;SSN-90177;cliente177@gmailcom;Aceptado;GSR;1952-01-01;2024-02-05;23:45:36;00:24:36;19016085177;m要il;FALSE;DEV-5177;Chrome;es-CL;VTR;CHILE;SANTIAGO;GMT-3;3345 S, 7066 O;310;visa debito;cod 00 -aprobado;Cliente 177;CREDITO; $322 ; CL ;PK;Blue;39;NOC;250; $179 ;SI;;;;
18000002 -90;USR-1178;Cliente 178;SSN-90178;cliente178@gmailcom;Aceptado;GSR;1964-01-01;2025-04-15;23:46:12;01:44:12;19016085178;residencial;FALSE;DEV-5178;Chrome;es-CL;Entel;CHILE;CONCEPCION;GMT-3;3682 S, 7303 O;254;cuenta rut;cod 00 -aprobado;Cliente 178;DEBITO; $271 ; CL ;SL;Blue;118;NOC;250; $171 ;NO;;;;
18000001-90;USR-1179;Cliente 179;SSN-90179;cliente179@gmailcom;Aceptado;GSR;1950-01-01;2025-08-25;23:46:48;07:27:48;19016085179;m要il;FALSE;DEV-5179;Safari;es-CL;Claro;CHILE;VIБ DEL MAR;GMT-3;3302 S, 7155 O;64;mach prepago;cod-51 fondo insuficiente;Cliente 179;DEBITO; $1.163 ; BR ;BJ;Black;461;NOC;5000; $4.210 ;NO;;;;
18000002 -91;USR-1180;Cliente 180;SSN-90180;cliente180@gmailcom;Aceptado;ADL;1999-01-01;2023-08-03;23:47:24;05:34:24;19016085180;residencial;FALSE;DEV-5180;Firefox;es-CL;Mundo;CHILE;VALPARAISO;GMT-3;3304 S, 7161 O;380;cuenta rut;cod 00 -aprobado;Cliente 180;PREPAGO; $94 ; CL ;PK;Blue;347;NOC;250; $176 ;NO;;;;
18000001-91;USR-1181;Cliente 181;SSN-90181;cliente181@gmailcom;Aceptado;GSR;1966-01-01;2025-12-07;23:48:00;03:25:00;19016085181;residencial;FALSE;DEV-5181;Chrome;es-CL;Entel;CHILE;ANTOFAGASTA;GMT-3;2365 S, 7040 O;174;mastercard credito;cod 00 -aprobado;Cliente 181;PREPAGO; $1.107 ; CL ;RL;Black;217;NOC;5000; $4.192 ;NO;;;;
18000002 -92;USR-1182;Cliente 182;SSN-90182;cliente182@gmailcom;Aceptado;SNR;1981-01-01;2025-03-11;23:48:36;05:05:36;19016085182;m要il;FALSE;DEV-5182;Chrome;es-CL;Mundo;CHILE;LA SERENA;GMT-3;2990 S, 7125 O;184;cuenta rut;cod 00 -aprobado;Cliente 182;DEBITO; $1.459 ; CL ;SL;Black;317;NOC;5000; $4.243 ;NO;;;;
18000001-92;USR-1183;Cliente 183;SSN-90183;cliente183@gmailcom;Aceptado;GSR;1951-01-01;2024-11-09;23:49:12;06:05:12;19016085183;residencial;FALSE;DEV-5183;Chrome;es-CL;Entel;CHILE;TEMUCO;GMT-3;3873 S, 7259 O;252;tenpo;cod 00 -aprobado;Cliente 183;CREDITO; $68 ; BR ;RL;Blue;376;NOC;250; $120 ;SI;;;;
18000002 -93;USR-1184;Cliente 184;SSN-90184;cliente184@gmailcom;Aceptado;SNR;1977-01-01;2023-03-08;23:49:48;04:04:48;19016085184;residencial;FALSE;DEV-5184;Firefox;es-CL;Entel;CHILE;RANCAGUA;GMT-3;3417 S, 7074 O;11;cuenta rut;cod-51 fondo insuficiente;Cliente 184;CREDITO; $1.075 ; CL ;SL;Platinum;255;NOC;3500; $2.767 ;NO;;;;
18000001-93;USR-1185;Cliente 185;SSN-90185;cliente185@gmailcom;No Aceptado;ADL;1992-01-01;2025-05-07;23:50:24;01:16:24;19016085185;data center;TRUE;DEV-5185;Safari;es-CL;Mundo;CHILE;SANTIAGO;GMT-3;3345 S, 7066 O;438;cuenta rut;cod 00 -aprobado;Cliente 185;DEBITO; $1.294 ; CL ;RL;Black;86;NOC;5000; $4.164 ;SI;;;;
18000002 -94;USR-1186;Cliente 186;SSN-90186;cliente186@gmailcom;Aceptado;SNR;1985-01-01;2025-01-18;23:51:00;05:06:00;19016085186;residencial;FALSE;DEV-5186;Safari;es-CL;VTR;CHILE;CONCEPCION;GMT-3;3682 S, 7303 O;48;mach prepago;cod 00 -aprobado;Cliente 186;DEBITO; $1.063 ; US ;SL;Platinum;315;NOC;3500; $2.824 ;NO;;;;
18000001-94;USR-1187;Cliente 187;SSN-90187;cliente187@gmailcom;Aceptado;ADL;1999-01-01;2026-06-19;23:51:36;03:00:36;19016085187;m要il;FALSE;DEV-5187;Edge;es-CL;Movistar;CHILE;VIБ DEL MAR;GMT-3;3302 S, 7155 O;72;cuenta rut;cod 00 -aprobado;Cliente 187;PREPAGO; $1.103 ; CL ;SL;Black;189;NOC;5000; $4.238 ;NO;;;;
18000002 -95;USR-1188;Cliente 188;SSN-90188;cliente188@gmailcom;Aceptado;SNR;1975-01-01;2025-02-23;23:52:12;07:32:12;19016085188;residencial;FALSE;DEV-5188;Chrome;es-CL;Movistar;CHILE;VALPARAISO;GMT-3;3304 S, 7161 O;39;visa credito;cod 00 -aprobado;Cliente 188;PREPAGO; $68 ; CL ;RL;Blue;460;NOC;250; $142 ;SI;;;;
18000001-95;USR-1189;Cliente 189;SSN-90189;cliente189@gmailcom;Aceptado;ADL;1992-01-01;2026-07-24;23:52:48;06:41:48;19016085189;residencial;FALSE;DEV-5189;Safari;es-CL;Movistar;CHILE;ANTOFAGASTA;GMT-3;2365 S, 7040 O;285;cuenta rut;cod 00 -aprobado;Cliente 189;DEBITO; $493 ; CL ;PK;Orange;409;NOC;1000; $758 ;NO;;;;
18000002 -96;USR-1190;Cliente 190;SSN-90190;cliente190@gmailcom;Aceptado;ADL;1998-01-01;2023-02-20;23:53:24;07:46:24;19016085190;residencial;FALSE;DEV-5190;Chrome;es-CL;VTR;CHILE;LA SERENA;GMT-3;2990 S, 7125 O;387;visa credito;cod-43 tarjeta robada;Cliente 190;CREDITO; $1.265 ; US ;SL;Black;473;NOC;5000; $4.222 ;NO;;;;
18000001-96;USR-1191;Cliente 191;SSN-90191;cliente191@gmailcom;Aceptado;GSR;1966-01-01;2024-04-10;23:54:00;05:26:00;19016085191;residencial;FALSE;DEV-5191;Chrome;es-CL;Movistar;CHILE;TEMUCO;GMT-3;3873 S, 7259 O;151;cuenta rut;cod 00 -aprobado;Cliente 191;CREDITO; $1.270 ; CL ;BJ;Black;332;NOC;5000; $4.174 ;NO;;;;
18000002 -97;USR-1192;Cliente 192;SSN-90192;cliente192@gmailcom;Aceptado;SNR;1980-01-01;2024-06-22;23:54:36;03:34:36;19016085192;residencial;FALSE;DEV-5192;Firefox;es-CL;Movistar;CHILE;RANCAGUA;GMT-3;3417 S, 7074 O;409;cuenta rut;cod 00 -aprobado;Cliente 192;DEBITO; $358 ; CL ;BJ;Blue;220;NOC;250; $141 ;NO;;;;
18000001-97;USR-1193;Cliente 193;SSN-90193;cliente193@gmailcom;Aceptado;SNR;1978-01-01;2024-12-13;23:55:12;02:42:12;19016085193;residencial;FALSE;DEV-5193;Safari;es-CL;Mundo;CHILE;SANTIAGO;GMT-3;3345 S, 7066 O;174;cuenta rut;cod-51 fondo insuficiente;Cliente 193;DEBITO; $1.255 ; CL ;RL;Black;167;NOC;5000; $4.233 ;NO;;;;
18000002 -98;USR-1194;Cliente 194;SSN-90194;cliente194@gmailcom;Aceptado;SNR;1977-01-01;2024-12-05;23:55:48;01:30:48;19016085194;residencial;FALSE;DEV-5194;Chrome;es-CL;Entel;CHILE;CONCEPCION;GMT-3;3682 S, 7303 O;470;cuenta rut;cod 00 -aprobado;Cliente 194;PREPAGO; $1.434 ; CL ;SL;Black;95;NOC;5000; $4.185 ;NO;;;;
18000001-98;USR-1195;Cliente 195;SSN-90195;cliente195@gmailcom;Aceptado;GSR;1955-01-01;2023-08-24;23:56:24;04:01:24;19016085195;m要il;FALSE;DEV-5195;Safari;es-CL;Movistar;CHILE;VIБ DEL MAR;GMT-3;3302 S, 7155 O;481;tenpo;cod 00 -aprobado;Cliente 195;PREPAGO; $1.178 ; CL ;SL;Black;245;NOC;5000; $4.243 ;SI;;;;
18000002 -99;USR-1196;Cliente 196;SSN-90196;cliente196@gmailcom;Aceptado;GSR;1965-01-01;2023-07-12;23:57:00;01:14:00;19016085196;m要il;FALSE;DEV-5196;Chrome;es-CL;Entel;CHILE;VALPARAISO;GMT-3;3304 S, 7161 O;222;tenpo;cod 00 -aprobado;Cliente 196;DEBITO; $73 ; CL ;BJ;Blue;77;NOC;250; $195 ;NO;;;;
18000001-99;USR-1197;Cliente 197;SSN-90197;cliente197@gmailcom;Aceptado;SNR;1978-01-01;2023-12-28;23:57:36;02:41:36;19016085197;m要il;TRUE;DEV-5197;Chrome;es-CL;Entel;CHILE;ANTOFAGASTA;GMT-3;2365 S, 7040 O;465;mach prepago;cod 00 -aprobado;Cliente 197;CREDITO; $1.486 ; CL ;RL;Black;164;NOC;5000; $4.194 ;SI;;;;
18000002 -100;USR-1198;Cliente 198;SSN-90198;cliente198@gmailcom;Aceptado;GSR;1955-01-01;2025-04-01;23:58:12;06:41:12;19016085198;m要il;FALSE;DEV-5198;Chrome;es-CL;Mundo;CHILE;LA SERENA;GMT-3;2990 S, 7125 O;377;cuenta rut;cod 00 -aprobado;Cliente 198;CREDITO; $761 ; CL ;BJ;Gold;403;NOC;2000; $1.526 ;NO;;;;
18000001-100;USR-1199;Cliente 199;SSN-90199;cliente199@gmailcom;Aceptado;ADL;1991-01-01;2023-08-04;23:58:48;00:43:48;19016085199;residencial;FALSE;DEV-5199;Chrome;es-CL;Mundo;CHILE;TEMUCO;GMT-3;3873 S, 7259 O;202;cuenta rut;cod-51 fondo insuficiente;Cliente 199;DEBITO; $87 ; US ;SL;Blue;45;NOC;250; $118 ;NO;;;;
18000002 -101;USR-1200;Cliente 200;SSN-90200;cliente200@gmailcom;Aceptado;SNR;1973-01-01;2026-04-06;23:59:24;04:54:24;19016085200;data center;FALSE;DEV-5200;Chrome;es-CL;Movistar;CHILE;RANCAGUA;GMT-3;3417 S, 7074 O;197;visa debito;cod 00 -aprobado;Cliente 200;DEBITO; $614 ; BR ;BJ;Orange;295;NOC;1000; $756 ;SI;;;;
40000001;USR-1201;Cliente 201;SSN-90201;cliente201@gmailcom;Aceptado;ADL;1998-01-01;2024-03-20;00:00:00;06:51:00;190235101;residencial;FALSE;DEV-5201;Safari;es-PE;Telefonica del Peru;PERU;LIMA;GMT-5;1404 S, 77,04 O;298;Yape;cod-43 tarjeta robada;Cliente 201;DEBITO; $613 ; PE ;RL;Orange;411;NOC;1000; $765 ;SI;;;;
40000002;USR-1202;Cliente 202;SSN-90202;cliente202@gmailcom;Aceptado;SNR;1976-01-01;2024-07-14;00:00:36;07:14:36;190235102;residencial;TRUE;DEV-5202;Chrome;es-PE;Claro Peru;PERU;AREQUIPA;GMT-5;1640 S, 7153 O;470;Plin;cod-51 fondo insuficiente;Cliente 202;DEBITO; $571 ; PE ;PK;Orange;434;NOC;1000; $828 ;SI;;;;
40000003;USR-1203;Cliente 203;SSN-90203;cliente203@gmailcom;Aceptado;SNR;1975-01-01;2023-04-12;00:01:12;03:02:12;190235103;residencial;FALSE;DEV-5203;Safari;es-PE;Telefonica del Peru;PERU;TRUJILLO;GMT-5;811 S, 7902 O;213;PagoEfectivo;cod 00 -aprobado;Cliente 203;DEBITO; $1.335 ; PE ;PK;Black;181;NOC;5000; $4.214 ;NO;;;;
40000004;USR-1204;Cliente 204;SSN-90204;cliente204@gmailcom;Aceptado;SNR;1981-01-01;2026-02-04;00:01:48;07:07:48;190235104;m要il;TRUE;DEV-5204;Chrome;es-PE;Claro Peru;PERU;CHICLAYO;GMT-5;677 S, 7984 O;78;Yape;cod 00 -aprobado;Cliente 204;DEBITO; $388 ; PE ;RL;Blue;426;NOC;250; $136 ;SI;;;;
40000005;USR-1205;Cliente 205;SSN-90205;cliente205@gmailcom;Aceptado;GSR;1960-01-01;2023-03-17;00:02:24;00:42:24;190235105;data center;FALSE;DEV-5205;Chrome;es-PE;Telefonica del Peru;PERU;PIURA;GMT-5;519 S, 8063 O;320;Plin;cod 00 -aprobado;Cliente 205;DEBITO; $593 ; PE ;RL;Orange;40;NOC;1000; $845 ;SI;;;;
40000006;USR-1206;Cliente 206;SSN-90206;cliente206@gmailcom;Aceptado;GSR;1966-01-01;2026-04-15;00:03:00;05:34:00;190235106;residencial;FALSE;DEV-5206;Safari;es-PE;Claro Peru;PERU;CUSCO;GMT-5;1352 S, 7196 O;432;PagoEfectivo;cod-51 fondo insuficiente;Cliente 206;DEBITO; $463 ; PE ;BJ;Orange;331;NOC;1000; $762 ;NO;;;;
40000007;USR-1207;Cliente 207;SSN-90207;cliente207@gmailcom;Aceptado;GSR;1955-01-01;2025-03-17;00:03:36;07:47:36;190235107;residencial;FALSE;DEV-5207;Safari;es-PE;Telefonica del Peru;PERU;LIMA;GMT-5;1404 S, 77,04 O;348;Yape;cod-43 tarjeta robada;Cliente 207;DEBITO; $1.030 ; PE ;RL;Platinum;464;NOC;3500; $2.832 ;NO;;;;
40000008;USR-1208;Cliente 208;SSN-90208;cliente208@gmailcom;Aceptado;ADL;1987-01-01;2026-12-28;00:04:12;06:43:12;190235108;m要il;FALSE;DEV-5208;Safari;es-PE;Claro Peru;PERU;AREQUIPA;GMT-5;1640 S, 7153 O;216;Plin;cod 00 -aprobado;Cliente 208;DEBITO; $490 ; PE ;SL;Orange;399;NOC;1000; $813 ;SI;;;;
40000009;USR-1209;Cliente 209;SSN-90209;cliente209@gmailcom;Aceptado;GSR;1965-01-01;2024-09-09;00:04:48;07:23:48;190235109;residencial;FALSE;DEV-5209;Safari;es-PE;Telefonica del Peru;PERU;TRUJILLO;GMT-5;811 S, 7902 O;89;PagoEfectivo;cod 00 -aprobado;Cliente 209;DEBITO; $523 ; PE ;PK;Orange;439;NOC;1000; $810 ;NO;;;;
40000010;USR-1210;Cliente 210;SSN-90210;cliente210@gmailcom;Aceptado;GSR;1951-01-01;2025-10-15;00:05:24;07:35:24;1902351010;m要il;FALSE;DEV-5210;Firefox;es-PE;Claro Peru;PERU;CHICLAYO;GMT-5;677 S, 7984 O;432;Yape;cod 00 -aprobado;Cliente 210;DEBITO; $872 ; PE ;PK;Gold;450;NOC;2000; $1.455 ;NO;;;;
40000011;USR-1211;Cliente 211;SSN-90211;cliente211@gmailcom;Aceptado;SNR;1984-01-01;2024-11-08;00:06:00;02:32:00;1902351011;residencial;FALSE;DEV-5211;Chrome;es-PE;Telefonica del Peru;PERU;PIURA;GMT-5;519 S, 8063 O;359;Plin;cod 00 -aprobado;Cliente 211;DEBITO; $1.408 ; PE ;PK;Black;146;NOC;5000; $4.187 ;SI;;;;
40000012;USR-1212;Cliente 212;SSN-90212;cliente212@gmailcom;Aceptado;GSR;1959-01-01;2023-09-06;00:06:36;00:51:36;1902351012;residencial;FALSE;DEV-5212;Safari;es-PE;Claro Peru;PERU;CUSCO;GMT-5;1352 S, 7196 O;353;PagoEfectivo;cod 00 -aprobado;Cliente 212;DEBITO; $1.498 ; PE ;PK;Black;45;NOC;5000; $4.174 ;SI;;;;
40000013;USR-1213;Cliente 213;SSN-90213;cliente213@gmailcom;Aceptado;SNR;1970-01-01;2026-03-11;00:07:12;02:33:12;1902351013;residencial;FALSE;DEV-5213;Safari;es-PE;Telefonica del Peru;PERU;LIMA;GMT-5;1404 S, 77,04 O;312;Yape;cod-51 fondo insuficiente;Cliente 213;DEBITO; $199 ; PE ;SL;Blue;146;NOC;250; $117 ;SI;;;;
40000014;USR-1214;Cliente 214;SSN-90214;cliente214@gmailcom;Aceptado;SNR;1982-01-01;2023-02-23;00:07:48;07:06:48;1902351014;residencial;FALSE;DEV-5214;Safari;es-PE;Claro Peru;PERU;AREQUIPA;GMT-5;1640 S, 7153 O;212;Plin;cod 00 -aprobado;Cliente 214;DEBITO; $801 ; PE ;SL;Gold;419;NOC;2000; $1.513 ;NO;;;;
40000015;USR-1215;Cliente 215;SSN-90215;cliente215@gmailcom;Aceptado;GSR;1952-01-01;2026-10-19;00:08:24;06:50:24;1902351015;residencial;FALSE;DEV-5215;Safari;es-PE;Telefonica del Peru;PERU;TRUJILLO;GMT-5;811 S, 7902 O;210;PagoEfectivo;cod 00 -aprobado;Cliente 215;DEBITO; $336 ; PE ;BJ;Blue;402;NOC;250; $190 ;NO;;;;
40000016;USR-1216;Cliente 216;SSN-90216;cliente216@gmailcom;Aceptado;SNR;1970-01-01;2023-10-16;00:09:00;06:47:00;1902351016;m要il;FALSE;DEV-5216;Safari;es-PE;Claro Peru;PERU;CHICLAYO;GMT-5;677 S, 7984 O;351;Yape;cod-51 fondo insuficiente;Cliente 216;DEBITO; $385 ; PE ;SL;Blue;398;NOC;250; $159 ;SI;;;;
40000017;USR-1217;Cliente 217;SSN-90217;cliente217@gmailcom;No Aceptado;GSR;1964-01-01;2026-10-18;00:09:36;02:32:36;1902351017;residencial;FALSE;DEV-5217;Chrome;es-PE;Telefonica del Peru;PERU;PIURA;GMT-5;519 S, 8063 O;379;Plin;cod 00 -aprobado;Cliente 217;DEBITO; $1.367 ; PE ;PK;Black;143;NOC;5000; $4.170 ;NO;;;;
40000018;USR-1218;Cliente 218;SSN-90218;cliente218@gmailcom;Aceptado;SNR;1973-01-01;2023-09-15;00:10:12;00:52:12;1902351018;residencial;FALSE;DEV-5218;Chrome;es-PE;Claro Peru;PERU;CUSCO;GMT-5;1352 S, 7196 O;479;PagoEfectivo;cod 00 -aprobado;Cliente 218;DEBITO; $510 ; PE ;BJ;Orange;42;NOC;1000; $825 ;SI;;;;
40000019;USR-1219;Cliente 219;SSN-90219;cliente219@gmailcom;Aceptado;SNR;1976-01-01;2025-08-14;00:10:48;04:42:48;1902351019;m要il;TRUE;DEV-5219;Chrome;es-PE;Telefonica del Peru;PERU;LIMA;GMT-5;1404 S, 77,04 O;338;Yape;cod 00 -aprobado;Cliente 219;DEBITO; $1.045 ; PE ;PK;Platinum;272;NOC;3500; $2.809 ;NO;;;;
40000020;USR-1220;Cliente 220;SSN-90220;cliente220@gmailcom;Aceptado;GSR;1956-01-01;2025-04-10;00:11:24;06:53:24;1902351020;residencial;TRUE;DEV-5220;Chrome;es-PE;Claro Peru;PERU;AREQUIPA;GMT-5;1640 S, 7153 O;489;Plin;cod 00 -aprobado;Cliente 220;DEBITO; $997 ; PE ;PK;Platinum;402;NOC;3500; $2.821 ;SI;;;;
40000021;USR-1221;Cliente 221;SSN-90221;cliente221@gmailcom;Aceptado;GSR;1966-01-01;2024-12-09;00:12:00;06:58:00;1902351021;residencial;FALSE;DEV-5221;Chrome;es-PE;Telefonica del Peru;PERU;TRUJILLO;GMT-5;811 S, 7902 O;25;PagoEfectivo;cod 00 -aprobado;Cliente 221;DEBITO; $1.491 ; PE ;SL;Black;406;NOC;5000; $4.238 ;NO;;;;
40000022;USR-1222;Cliente 222;SSN-90222;cliente222@gmailcom;Aceptado;SNR;1979-01-01;2024-01-17;00:12:36;04:02:36;1902351022;m要il;FALSE;DEV-5222;Chrome;es-PE;Claro Peru;PERU;CHICLAYO;GMT-5;677 S, 7984 O;171;Yape;cod 00 -aprobado;Cliente 222;DEBITO; $230 ; PE ;PK;Blue;230;NOC;250; $142 ;SI;;;;
40000023;USR-1223;Cliente 223;SSN-90223;cliente223@gmailcom;No Aceptado;ADL;1988-01-01;2023-05-16;00:13:12;08:10:12;1902351023;m要il;FALSE;DEV-5223;Chrome;es-PE;Telefonica del Peru;PERU;PIURA;GMT-5;519 S, 8063 O;157;Plin;cod 00 -aprobado;Cliente 223;DEBITO; $438 ; PE ;RL;Orange;477;NOC;1000; $761 ;SI;;;;
40000024;USR-1224;Cliente 224;SSN-90224;cliente224@gmailcom;Aceptado;GSR;1951-01-01;2023-05-13;00:13:48;05:24:48;1902351024;m要il;FALSE;DEV-5224;Edge;es-PE;Claro Peru;PERU;CUSCO;GMT-5;1352 S, 7196 O;329;PagoEfectivo;cod 00 -aprobado;Cliente 224;DEBITO; $556 ; PE ;RL;Orange;311;NOC;1000; $846 ;SI;;;;
40000025;USR-1225;Cliente 225;SSN-90225;cliente225@gmailcom;Aceptado;ADL;1998-01-01;2026-04-09;00:14:24;02:50:24;1902351025;residencial;FALSE;DEV-5225;Chrome;es-PE;Telefonica del Peru;PERU;LIMA;GMT-5;1404 S, 77,04 O;93;Yape;cod 00 -aprobado;Cliente 225;DEBITO; $707 ; PE ;RL;Gold;156;NOC;2000; $1.461 ;NO;;;;
40000026;USR-1226;Cliente 226;SSN-90226;cliente226@gmailcom;Aceptado;SNR;1985-01-01;2023-02-13;00:15:00;03:54:00;1902351026;residencial;FALSE;DEV-5226;Edge;es-PE;Claro Peru;PERU;AREQUIPA;GMT-5;1640 S, 7153 O;353;Plin;cod 00 -aprobado;Cliente 226;DEBITO; $762 ; PE ;SL;Gold;219;NOC;2000; $1.493 ;NO;;;;
40000027;USR-1227;Cliente 227;SSN-90227;cliente227@gmailcom;Aceptado;ADL;1997-01-01;2023-01-05;00:15:36;02:32:36;1902351027;m要il;FALSE;DEV-5227;Edge;es-PE;Telefonica del Peru;PERU;TRUJILLO;GMT-5;811 S, 7902 O;456;PagoEfectivo;cod 00 -aprobado;Cliente 227;DEBITO; $1.444 ; PE ;PK;Black;137;NOC;5000; $4.158 ;NO;;;;
40000028;USR-1228;Cliente 228;SSN-90228;cliente228@gmailcom;Aceptado;ADL;1986-01-01;2024-11-12;00:16:12;00:48:12;1902351028;residencial;TRUE;DEV-5228;Chrome;es-PE;Claro Peru;PERU;CHICLAYO;GMT-5;677 S, 7984 O;26;Yape;cod 00 -aprobado;Cliente 228;DEBITO; $1.175 ; PE ;RL;Black;32;NOC;5000; $4.237 ;NO;;;;
40000029;USR-1229;Cliente 229;SSN-90229;cliente229@gmailcom;Aceptado;GSR;1966-01-01;2026-02-15;00:16:48;04:31:48;1902351029;residencial;FALSE;DEV-5229;Chrome;es-PE;Telefonica del Peru;PERU;PIURA;GMT-5;519 S, 8063 O;248;Plin;cod 00 -aprobado;Cliente 229;DEBITO; $504 ; PE ;SL;Orange;255;NOC;1000; $792 ;SI;;;;
40000030;USR-1230;Cliente 230;SSN-90230;cliente230@gmailcom;Aceptado;ADL;1995-01-01;2024-07-20;00:17:24;02:22:24;1902351030;data center;FALSE;DEV-5230;Chrome;es-PE;Claro Peru;PERU;CUSCO;GMT-5;1352 S, 7196 O;121;PagoEfectivo;cod 00 -aprobado;Cliente 230;DEBITO; $1.466 ; PE ;RL;Black;125;NOC;5000; $4.237 ;NO;;;;
40000031;USR-1231;Cliente 231;SSN-90231;cliente231@gmailcom;Aceptado;SNR;1982-01-01;2026-07-25;00:18:00;00:27:00;1902351031;residencial;FALSE;DEV-5231;Safari;es-PE;Telefonica del Peru;PERU;LIMA;GMT-5;1404 S, 77,04 O;255;Yape;cod 00 -aprobado;Cliente 231;DEBITO; $208 ; PE ;BJ;Blue;9;NOC;250; $158 ;SI;;;;
40000032;USR-1232;Cliente 232;SSN-90232;cliente232@gmailcom;Aceptado;GSR;1955-01-01;2025-12-13;00:18:36;05:05:36;1902351032;residencial;FALSE;DEV-5232;Safari;es-PE;Claro Peru;PERU;AREQUIPA;GMT-5;1640 S, 7153 O;180;Plin;cod 00 -aprobado;Cliente 232;DEBITO; $295 ; PE ;RL;Blue;287;NOC;250; $124 ;NO;;;;
40000033;USR-1233;Cliente 233;SSN-90233;cliente233@gmailcom;Aceptado;GSR;1951-01-01;2023-10-14;00:19:12;04:26:12;1902351033;m要il;FALSE;DEV-5233;Safari;es-PE;Telefonica del Peru;PERU;TRUJILLO;GMT-5;811 S, 7902 O;388;PagoEfectivo;cod 00 -aprobado;Cliente 233;DEBITO; $1.413 ; PE ;PK;Black;247;NOC;5000; $4.197 ;NO;;;;
40000034;USR-1234;Cliente 234;SSN-90234;cliente234@gmailcom;No Aceptado;ADL;1993-01-01;2025-12-12;00:19:48;03:19:48;1902351034;residencial;FALSE;DEV-5234;Safari;es-PE;Claro Peru;PERU;CHICLAYO;GMT-5;677 S, 7984 O;458;Yape;cod 00 -aprobado;Cliente 234;DEBITO; $601 ; PE ;PK;Orange;180;NOC;1000; $762 ;NO;;;;
40000035;USR-1235;Cliente 235;SSN-90235;cliente235@gmailcom;Aceptado;SNR;1981-01-01;2023-09-07;00:20:24;01:12:24;1902351035;residencial;FALSE;DEV-5235;Chrome;es-PE;Telefonica del Peru;PERU;PIURA;GMT-5;519 S, 8063 O;323;Plin;cod 00 -aprobado;Cliente 235;DEBITO; $973 ; PE ;RL;Platinum;52;NOC;3500; $2.764 ;SI;;;;
40000036;USR-1236;Cliente 236;SSN-90236;cliente236@gmailcom;No Aceptado;SNR;1967-01-01;2023-04-16;00:21:00;01:38:00;1902351036;m要il;FALSE;DEV-5236;Chrome;es-PE;Claro Peru;PERU;CUSCO;GMT-5;1352 S, 7196 O;81;PagoEfectivo;cod 00 -aprobado;Cliente 236;DEBITO; $1.320 ; PE ;PK;Black;77;NOC;5000; $4.233 ;NO;;;;
40000037;USR-1237;Cliente 237;SSN-90237;cliente237@gmailcom;Aceptado;GSR;1952-01-01;2024-12-28;00:21:36;07:24:36;1902351037;m要il;FALSE;DEV-5237;Chrome;es-PE;Telefonica del Peru;PERU;LIMA;GMT-5;1404 S, 77,04 O;363;Yape;cod 00 -aprobado;Cliente 237;DEBITO; $905 ; PE ;SL;Platinum;423;NOC;3500; $2.763 ;NO;;;;
40000038;USR-1238;Cliente 238;SSN-90238;cliente238@gmailcom;No Aceptado;SNR;1967-01-01;2024-09-05;00:22:12;02:27:12;1902351038;residencial;FALSE;DEV-5238;Chrome;es-PE;Claro Peru;PERU;AREQUIPA;GMT-5;1640 S, 7153 O;403;Plin;cod 00 -aprobado;Cliente 238;DEBITO; $1.379 ; PE ;RL;Black;125;NOC;5000; $4.235 ;SI;;;;
40000039;USR-1239;Cliente 239;SSN-90239;cliente239@gmailcom;Aceptado;SNR;1973-01-01;2024-01-27;00:22:48;02:23:48;1902351039;residencial;FALSE;DEV-5239;Edge;es-PE;Telefonica del Peru;PERU;TRUJILLO;GMT-5;811 S, 7902 O;393;PagoEfectivo;cod-43 tarjeta robada;Cliente 239;DEBITO; $778 ; PE ;BJ;Gold;121;NOC;2000; $1.509 ;NO;;;;
40000040;USR-1240;Cliente 240;SSN-90240;cliente240@gmailcom;Aceptado;SNR;1981-01-01;2026-03-08;00:23:24;07:20:24;1902351040;residencial;FALSE;DEV-5240;Chrome;es-PE;Claro Peru;PERU;CHICLAYO;GMT-5;677 S, 7984 O;457;Yape;cod 00 -aprobado;Cliente 240;DEBITO; $1.314 ; PE ;SL;Black;417;NOC;5000; $4.238 ;SI;;;;
40000041;USR-1241;Cliente 241;SSN-90241;cliente241@gmailcom;Aceptado;ADL;1988-01-01;2024-05-25;00:24:00;05:27:00;1902351041;residencial;FALSE;DEV-5241;Chrome;es-PE;Telefonica del Peru;PERU;PIURA;GMT-5;519 S, 8063 O;29;Plin;cod 00 -aprobado;Cliente 241;DEBITO; $1.479 ; PE ;SL;Black;303;NOC;5000; $4.189 ;NO;;;;
40000042;USR-1242;Cliente 242;SSN-90242;cliente242@gmailcom;Aceptado;GSR;1950-01-01;2024-11-23;00:24:36;01:20:36;1902351042;residencial;FALSE;DEV-5242;Chrome;es-PE;Claro Peru;PERU;CUSCO;GMT-5;1352 S, 7196 O;183;PagoEfectivo;cod 00 -aprobado;Cliente 242;DEBITO; $1.213 ; PE ;SL;Black;56;NOC;5000; $4.197 ;NO;;;;
40000043;USR-1243;Cliente 243;SSN-90243;cliente243@gmailcom;Aceptado;GSR;1954-01-01;2023-06-26;00:25:12;05:52:12;1902351043;residencial;TRUE;DEV-5243;Edge;es-PE;Telefonica del Peru;PERU;LIMA;GMT-5;1404 S, 77,04 O;245;Yape;cod 00 -aprobado;Cliente 243;DEBITO; $1.025 ; PE ;SL;Platinum;327;NOC;3500; $2.775 ;NO;;;;
40000044;USR-1244;Cliente 244;SSN-90244;cliente244@gmailcom;Aceptado;ADL;1987-01-01;2024-12-15;00:25:48;08:17:48;1902351044;residencial;FALSE;DEV-5244;Chrome;es-PE;Claro Peru;PERU;AREQUIPA;GMT-5;1640 S, 7153 O;60;Plin;cod 00 -aprobado;Cliente 244;DEBITO; $871 ; PE ;BJ;Gold;472;NOC;2000; $1.511 ;NO;;;;
40000045;USR-1245;Cliente 245;SSN-90245;cliente245@gmailcom;No Aceptado;GSR;1962-01-01;2025-02-25;00:26:24;02:23:24;1902351045;residencial;FALSE;DEV-5245;Safari;es-PE;Telefonica del Peru;PERU;TRUJILLO;GMT-5;811 S, 7902 O;157;PagoEfectivo;cod-51 fondo insuficiente;Cliente 245;DEBITO; $491 ; PE ;SL;Orange;117;NOC;1000; $789 ;NO;;;;
40000046;USR-1246;Cliente 246;SSN-90246;cliente246@gmailcom;Aceptado;GSR;1964-01-01;2025-10-14;00:27:00;02:27:00;1902351046;residencial;FALSE;DEV-5246;Safari;es-PE;Claro Peru;PERU;CHICLAYO;GMT-5;677 S, 7984 O;338;Yape;cod-05 rechazado;Cliente 246;DEBITO; $738 ; PE ;SL;Gold;120;NOC;2000; $1.532 ;SI;;;;
40000047;USR-1247;Cliente 247;SSN-90247;cliente247@gmailcom;Aceptado;ADL;1990-01-01;2023-09-05;00:27:36;01:30:36;1902351047;residencial;FALSE;DEV-5247;Safari;es-PE;Telefonica del Peru;PERU;PIURA;GMT-5;519 S, 8063 O;271;Plin;cod 00 -aprobado;Cliente 247;DEBITO; $36 ; PE ;PK;Blue;63;NOC;250; $173 ;NO;;;;
40000048;USR-1248;Cliente 248;SSN-90248;cliente248@gmailcom;Aceptado;GSR;1956-01-01;2026-08-27;00:28:12;01:56:12;1902351048;m要il;FALSE;DEV-5248;Chrome;es-PE;Claro Peru;PERU;CUSCO;GMT-5;1352 S, 7196 O;46;PagoEfectivo;cod 00 -aprobado;Cliente 248;DEBITO; $172 ; PE ;BJ;Blue;88;NOC;250; $166 ;NO;;;;
40000049;USR-1249;Cliente 249;SSN-90249;cuenta_fantasma99@xyz.com; No Aceptado;SNR;1984-01-01;2023-02-17;00:28:48;06:15:48;1902351049;residencial;FALSE;DEV-5249;Firefox;es-PE;Telefonica del Peru;PERU;LIMA;GMT-5;1404 S, 77,04 O;131;Tarjeta de credito;cod-43 tarjeta robada;Maria Ines Quispe;DEBITO; $333 ; PE ;PK;Blue;347;NOC;250; $121 ;SI;;;;
40000050;USR-1250;Cliente 250;SSN-90250;cliente250@gmailcom;Aceptado;SNR;1979-01-01;2024-06-13;00:29:24;03:01:24;1902351050;m要il;FALSE;DEV-5250;Chrome;es-PE;Claro Peru;PERU;AREQUIPA;GMT-5;1640 S, 7153 O;290;Plin;cod-43 tarjeta robada;Cliente 250;DEBITO; $903 ; PE ;RL;Platinum;152;NOC;3500; $2.787 ;SI;;;;
40000051;USR-1251;Cliente 251;SSN-90251;cliente251@gmailcom;No Aceptado;SNR;1981-01-01;2023-07-05;00:30:00;04:00:00;1902351051;m要il;FALSE;DEV-5251;Firefox;es-PE;Telefonica del Peru;PERU;TRUJILLO;GMT-5;811 S, 7902 O;182;PagoEfectivo;cod-51 fondo insuficiente;Cliente 251;DEBITO; $1.132 ; PE ;PK;Black;210;NOC;5000; $4.213 ;SI;;;;
40000052;USR-1252;Cliente 252;SSN-90252;cliente252@gmailcom;Aceptado;SNR;1982-01-01;2024-12-26;00:30:36;03:12:36;1902351052;residencial;TRUE;DEV-5252;Chrome;es-PE;Claro Peru;PERU;CHICLAYO;GMT-5;677 S, 7984 O;356;Yape;cod 00 -aprobado;Cliente 252;DEBITO; $1.047 ; PE ;BJ;Platinum;162;NOC;3500; $2.789 ;NO;;;;
40000053;USR-1253;Cliente 253;SSN-90253;cliente253@gmailcom;Aceptado;GSR;1962-01-01;2023-10-10;00:31:12;07:26:12;1902351053;m要il;TRUE;DEV-5253;Chrome;es-PE;Telefonica del Peru;PERU;PIURA;GMT-5;519 S, 8063 O;100;Plin;cod 00 -aprobado;Cliente 253;DEBITO; $37 ; PE ;BJ;Blue;415;NOC;250; $143 ;SI;;;;
40000054;USR-1254;Cliente 254;SSN-90254;cliente254@gmailcom;Aceptado;GSR;1962-01-01;2024-09-13;00:31:48;04:45:48;1902351054;residencial;FALSE;DEV-5254;Safari;es-PE;Claro Peru;PERU;CUSCO;GMT-5;1352 S, 7196 O;228;PagoEfectivo;cod 00 -aprobado;Cliente 254;DEBITO; $516 ; PE ;SL;Orange;254;NOC;1000; $836 ;SI;;;;
40000055;USR-1255;Cliente 255;SSN-90255;cliente255@gmailcom;No Aceptado;GSR;1962-01-01;2025-11-07;00:32:24;06:07:24;1902351055;residencial;FALSE;DEV-5255;Chrome;es-PE;Telefonica del Peru;PERU;LIMA;GMT-5;1404 S, 77,04 O;324;Yape;cod 00 -aprobado;Cliente 255;DEBITO; $856 ; PE ;RL;Gold;335;NOC;2000; $1.457 ;NO;;;;
40000056;USR-1256;Cliente 256;SSN-90256;cliente256@gmailcom;Aceptado;GSR;1958-01-01;2026-02-13;00:33:00;07:01:00;1902351056;residencial;FALSE;DEV-5256;Chrome;es-PE;Claro Peru;PERU;AREQUIPA;GMT-5;1640 S, 7153 O;42;Plin;cod-05 rechazado;Cliente 256;DEBITO; $488 ; PE ;BJ;Orange;388;NOC;1000; $824 ;NO;;;;
40000057;USR-1257;Cliente 257;SSN-90257;cliente257@gmailcom;Aceptado;GSR;1960-01-01;2026-10-12;00:33:36;01:46:36;1902351057;data center;FALSE;DEV-5257;Chrome;es-PE;Telefonica del Peru;PERU;TRUJILLO;GMT-5;811 S, 7902 O;147;PagoEfectivo;cod 00 -aprobado;Cliente 257;DEBITO; $410 ; PE ;PK;Orange;73;NOC;1000; $800 ;SI;;;;
40000058;USR-1258;Cliente 258;SSN-90258;cliente258@gmailcom;Aceptado;SNR;1985-01-01;2025-05-10;00:34:12;04:06:12;1902351058;residencial;FALSE;DEV-5258;Safari;es-PE;Claro Peru;PERU;CHICLAYO;GMT-5;677 S, 7984 O;23;Yape;cod 00 -aprobado;Cliente 258;DEBITO; $1.196 ; PE ;RL;Black;212;NOC;5000; $4.188 ;NO;;;;
40000059;USR-1259;Cliente 259;SSN-90259;cliente259@gmailcom;Aceptado;ADL;1997-01-01;2023-10-11;00:34:48;03:46:48;1902351059;residencial;FALSE;DEV-5259;Chrome;es-PE;Telefonica del Peru;PERU;PIURA;GMT-5;519 S, 8063 O;172;Plin;cod 00 -aprobado;Cliente 259;DEBITO; $933 ; PE ;BJ;Platinum;192;NOC;3500; $2.824 ;NO;;;;
40000060;USR-1260;Cliente 260;SSN-90260;cliente260@gmailcom;Aceptado;SNR;1979-01-01;2025-12-02;00:35:24;00:43:24;1902351060;residencial;FALSE;DEV-5260;Chrome;es-PE;Claro Peru;PERU;CUSCO;GMT-5;1352 S, 7196 O;175;PagoEfectivo;cod-43 tarjeta robada;Cliente 260;DEBITO; $1.431 ; PE ;SL;Black;8;NOC;5000; $4.182 ;SI;;;;
40000061;USR-1261;Cliente 261;SSN-90261;cliente261@gmailcom;Aceptado;SNR;1968-01-01;2023-07-18;00:36:00;04:00:00;1902351061;residencial;FALSE;DEV-5261;Chrome;es-PE;Telefonica del Peru;PERU;LIMA;GMT-5;1404 S, 77,04 O;285;Yape;cod 00 -aprobado;Cliente 261;DEBITO; $1.409 ; PE ;BJ;Black;204;NOC;5000; $4.157 ;NO;;;;
40000062;USR-1262;Cliente 262;SSN-90262;cliente262@gmailcom;Aceptado;GSR;1958-01-01;2023-12-26;00:36:36;07:09:36;1902351062;residencial;FALSE;DEV-5262;Chrome;es-PE;Claro Peru;PERU;AREQUIPA;GMT-5;1640 S, 7153 O;11;Plin;cod 00 -aprobado;Cliente 262;DEBITO; $980 ; PE ;RL;Platinum;393;NOC;3500; $2.807 ;SI;;;;
40000063;USR-1263;Cliente 263;SSN-90263;cliente263@gmailcom;Aceptado;GSR;1961-01-01;2024-11-18;00:37:12;07:06:12;1902351063;residencial;FALSE;DEV-5263;Safari;es-PE;Telefonica del Peru;PERU;TRUJILLO;GMT-5;811 S, 7902 O;433;PagoEfectivo;cod 00 -aprobado;Cliente 263;DEBITO; $509 ; PE ;RL;Orange;389;NOC;1000; $757 ;SI;;;;
40000064;USR-1264;Cliente 264;SSN-90264;cliente264@gmailcom;Aceptado;GSR;1966-01-01;2024-10-22;00:37:48;02:37:48;1902351064;residencial;FALSE;DEV-5264;Chrome;es-PE;Claro Peru;PERU;CHICLAYO;GMT-5;677 S, 7984 O;85;Yape;cod 00 -aprobado;Cliente 264;DEBITO; $226 ; PE ;RL;Blue;120;NOC;250; $135 ;SI;;;;
40000065;USR-1265;Cliente 265;SSN-90265;cliente265@gmailcom;Aceptado;SNR;1971-01-01;2026-08-08;00:38:24;03:41:24;1902351065;m要il;FALSE;DEV-5265;Safari;es-PE;Telefonica del Peru;PERU;PIURA;GMT-5;519 S, 8063 O;396;Plin;cod 00 -aprobado;Cliente 265;DEBITO; $596 ; PE ;BJ;Orange;183;NOC;1000; $769 ;SI;;;;
40000066;USR-1266;Cliente 266;SSN-90266;cliente266@gmailcom;Aceptado;ADL;1999-01-01;2023-03-27;00:39:00;01:16:00;1902351066;residencial;FALSE;DEV-5266;Firefox;es-PE;Claro Peru;PERU;CUSCO;GMT-5;1352 S, 7196 O;56;PagoEfectivo;cod 00 -aprobado;Cliente 266;DEBITO; $78 ; PE ;RL;Blue;37;NOC;250; $128 ;NO;;;;
40000067;USR-1267;Cliente 267;SSN-90267;cliente267@gmailcom;Aceptado;GSR;1956-01-01;2024-11-01;00:39:36;06:09:36;1902351067;residencial;FALSE;DEV-5267;Chrome;es-PE;Telefonica del Peru;PERU;LIMA;GMT-5;1404 S, 77,04 O;342;Yape;cod 00 -aprobado;Cliente 267;DEBITO; $454 ; PE ;SL;Orange;330;NOC;1000; $775 ;SI;;;;
40000068;USR-1268;Cliente 268;SSN-90268;cliente268@gmailcom;Aceptado;ADL;1996-01-01;2026-04-26;00:40:12;04:17:12;1902351068;residencial;FALSE;DEV-5268;Chrome;es-PE;Claro Peru;PERU;AREQUIPA;GMT-5;1640 S, 7153 O;382;Plin;cod 00 -aprobado;Cliente 268;DEBITO; $451 ; PE ;BJ;Orange;217;NOC;1000; $827 ;SI;;;;
40000069;USR-1269;Cliente 269;SSN-90269;cliente269@gmailcom;Aceptado;ADL;1999-01-01;2026-09-05;00:40:48;02:40:48;1902351069;residencial;FALSE;DEV-5269;Edge;es-PE;Telefonica del Peru;PERU;TRUJILLO;GMT-5;811 S, 7902 O;384;PagoEfectivo;cod 00 -aprobado;Cliente 269;DEBITO; $1.005 ; PE ;SL;Platinum;120;NOC;3500; $2.842 ;NO;;;;
40000070;USR-1270;Cliente 270;SSN-90270;cliente270@gmailcom;Aceptado;ADL;1995-01-01;2024-04-06;00:41:24;07:07:24;1902351070;residencial;FALSE;DEV-5270;Chrome;es-PE;Claro Peru;PERU;CHICLAYO;GMT-5;677 S, 7984 O;27;Yape;cod 00 -aprobado;Cliente 270;DEBITO; $341 ; PE ;RL;Blue;386;NOC;250; $194 ;SI;;;;
40000071;USR-1271;Cliente 271;SSN-90271;cliente271@gmailcom;Aceptado;ADL;1994-01-01;2025-05-12;00:42:00;06:38:00;1902351071;residencial;FALSE;DEV-5271;Firefox;es-PE;Telefonica del Peru;PERU;PIURA;GMT-5;519 S, 8063 O;114;Plin;cod 00 -aprobado;Cliente 271;DEBITO; $996 ; PE ;PK;Platinum;356;NOC;3500; $2.817 ;NO;;;;
40000072;USR-1272;Cliente 272;SSN-90272;cliente272@gmailcom;Aceptado;GSR;1955-01-01;2026-02-11;00:42:36;08:21:36;1902351072;m要il;FALSE;DEV-5272;Chrome;es-PE;Claro Peru;PERU;CUSCO;GMT-5;1352 S, 7196 O;100;PagoEfectivo;cod 00 -aprobado;Cliente 272;DEBITO; $633 ; PE ;BJ;Orange;459;NOC;1000; $825 ;SI;;;;
40000073;USR-1273;Cliente 273;SSN-90273;cliente273@gmailcom;No Aceptado;SNR;1980-01-01;2024-07-21;00:43:12;05:56:12;1902351073;m要il;FALSE;DEV-5273;Chrome;es-PE;Telefonica del Peru;PERU;LIMA;GMT-5;1404 S, 77,04 O;63;Yape;cod 00 -aprobado;Cliente 273;DEBITO; $1.273 ; PE ;PK;Black;313;NOC;5000; $4.162 ;NO;;;;
40000074;USR-1274;Cliente 274;SSN-90274;cliente274@gmailcom;Aceptado;GSR;1956-01-01;2025-12-01;00:43:48;04:43:48;1902351074;residencial;TRUE;DEV-5274;Chrome;es-PE;Claro Peru;PERU;AREQUIPA;GMT-5;1640 S, 7153 O;431;Plin;cod 00 -aprobado;Cliente 274;DEBITO; $324 ; PE ;RL;Blue;240;NOC;250; $184 ;SI;;;;
40000075;USR-1275;Cliente 275;SSN-90275;cliente275@gmailcom;Aceptado;SNR;1974-01-01;2026-10-03;00:44:24;01:58:24;1902351075;residencial;FALSE;DEV-5275;Safari;es-PE;Telefonica del Peru;PERU;TRUJILLO;GMT-5;811 S, 7902 O;465;PagoEfectivo;cod 00 -aprobado;Cliente 275;DEBITO; $381 ; PE ;RL;Blue;74;NOC;250; $178 ;NO;;;;
40000076;USR-1276;Cliente 276;SSN-90276;cliente276@gmailcom;Aceptado;SNR;1980-01-01;2023-01-13;00:45:00;02:08:00;1902351076;residencial;FALSE;DEV-5276;Safari;es-PE;Claro Peru;PERU;CHICLAYO;GMT-5;677 S, 7984 O;275;Yape;cod 00 -aprobado;Cliente 276;DEBITO; $473 ; PE ;SL;Orange;83;NOC;1000; $820 ;NO;;;;
40000077;USR-1277;Cliente 277;SSN-90277;cliente277@gmailcom;No Aceptado;SNR;1967-01-01;2026-02-25;00:45:36;02:10:36;1902351077;m要il;FALSE;DEV-5277;Chrome;es-PE;Telefonica del Peru;PERU;PIURA;GMT-5;519 S, 8063 O;426;Plin;cod 00 -aprobado;Cliente 277;DEBITO; $882 ; PE ;SL;Gold;85;NOC;2000; $1.535 ;NO;;;;
40000078;USR-1278;Cliente 278;SSN-90278;cliente278@gmailcom;Aceptado;GSR;1953-01-01;2026-11-11;00:46:12;04:57:12;1902351078;residencial;FALSE;DEV-5278;Chrome;es-PE;Claro Peru;PERU;CUSCO;GMT-5;1352 S, 7196 O;482;PagoEfectivo;cod 00 -aprobado;Cliente 278;DEBITO; $351 ; PE ;RL;Blue;251;NOC;250; $119 ;NO;;;;
40000079;USR-1279;Cliente 279;SSN-90279;cliente279@gmailcom;Aceptado;ADL;1997-01-01;2025-04-17;00:46:48;07:11:48;1902351079;residencial;FALSE;DEV-5279;Safari;es-PE;Telefonica del Peru;PERU;LIMA;GMT-5;1404 S, 77,04 O;198;Yape;cod 00 -aprobado;Cliente 279;DEBITO; $269 ; PE ;RL;Blue;385;NOC;250; $196 ;NO;;;;
40000080;USR-1280;Cliente 280;SSN-90280;cliente280@gmailcom;Aceptado;ADL;1993-01-01;2026-10-15;00:47:24;01:44:24;1902351080;residencial;FALSE;DEV-5280;Safari;es-PE;Claro Peru;PERU;AREQUIPA;GMT-5;1640 S, 7153 O;167;Plin;cod 00 -aprobado;Cliente 280;DEBITO; $1.297 ; PE ;RL;Black;57;NOC;5000; $4.205 ;NO;;;;
40000081;USR-1281;Cliente 281;SSN-90281;cliente281@gmailcom;Aceptado;GSR;1957-01-01;2024-10-26;00:48:00;03:53:00;1902351081;data center;FALSE;DEV-5281;Safari;es-PE;Telefonica del Peru;PERU;TRUJILLO;GMT-5;811 S, 7902 O;401;PagoEfectivo;cod 00 -aprobado;Cliente 281;DEBITO; $854 ; PE ;PK;Gold;185;NOC;2000; $1.476 ;NO;;;;
40000082;USR-1282;Cliente 282;SSN-90282;cliente282@gmailcom;Aceptado;GSR;1954-01-01;2026-09-14;00:48:36;07:20:36;1902351082;m要il;FALSE;DEV-5282;Safari;es-PE;Claro Peru;PERU;CHICLAYO;GMT-5;677 S, 7984 O;343;Yape;cod 00 -aprobado;Cliente 282;DEBITO; $528 ; PE ;PK;Orange;392;NOC;1000; $810 ;SI;;;;
40000083;USR-1283;Cliente 283;SSN-90283;cliente283@gmailcom;No Aceptado;ADL;1987-01-01;2023-08-22;00:49:12;02:35:12;1902351083;residencial;FALSE;DEV-5283;Chrome;es-PE;Telefonica del Peru;PERU;PIURA;GMT-5;519 S, 8063 O;235;Plin;cod 00 -aprobado;Cliente 283;DEBITO; $1.383 ; PE ;SL;Black;106;NOC;5000; $4.159 ;NO;;;;
40000084;USR-1284;Cliente 284;SSN-90284;cliente284@gmailcom;No Aceptado;GSR;1960-01-01;2026-02-07;00:49:48;04:12:48;1902351084;residencial;FALSE;DEV-5284;Safari;es-PE;Claro Peru;PERU;CUSCO;GMT-5;1352 S, 7196 O;330;PagoEfectivo;cod 00 -aprobado;Cliente 284;DEBITO; $157 ; PE ;SL;Blue;203;NOC;250; $122 ;SI;;;;
40000085;USR-1285;Cliente 285;SSN-90285;cliente285@gmailcom;Aceptado;SNR;1973-01-01;2024-12-15;00:50:24;05:44:24;1902351085;m要il;FALSE;DEV-5285;Edge;es-PE;Telefonica del Peru;PERU;LIMA;GMT-5;1404 S, 77,04 O;163;Yape;cod 00 -aprobado;Cliente 285;DEBITO; $559 ; PE ;RL;Orange;294;NOC;1000; $816 ;SI;;;;
40000086;USR-1286;Cliente 286;SSN-90286;cliente286@gmailcom;Aceptado;SNR;1969-01-01;2024-04-10;00:51:00;01:15:00;1902351086;data center;FALSE;DEV-5286;Chrome;es-PE;Claro Peru;PERU;AREQUIPA;GMT-5;1640 S, 7153 O;356;Plin;cod 00 -aprobado;Cliente 286;DEBITO; $1.329 ; PE ;SL;Black;24;NOC;5000; $4.237 ;NO;;;;
40000087;USR-1287;Cliente 287;SSN-90287;cliente287@gmailcom;Aceptado;SNR;1975-01-01;2024-05-07;00:51:36;06:27:36;1902351087;residencial;FALSE;DEV-5287;Chrome;es-PE;Telefonica del Peru;PERU;TRUJILLO;GMT-5;811 S, 7902 O;372;PagoEfectivo;cod 00 -aprobado;Cliente 287;DEBITO; $438 ; PE ;PK;Orange;336;NOC;1000; $834 ;NO;;;;
40000088;USR-1288;Cliente 288;SSN-90288;cliente288@gmailcom;Aceptado;GSR;1953-01-01;2024-03-12;00:52:12;05:42:12;1902351088;residencial;FALSE;DEV-5288;Firefox;es-PE;Claro Peru;PERU;CHICLAYO;GMT-5;677 S, 7984 O;340;Yape;cod 00 -aprobado;Cliente 288;DEBITO; $1.099 ; PE ;RL;Platinum;290;NOC;3500; $2.821 ;NO;;;;
40000089;USR-1289;Cliente 289;SSN-90289;cliente289@gmailcom;Aceptado;ADL;1989-01-01;2025-01-10;00:52:48;08:16:48;1902351089;m要il;FALSE;DEV-5289;Safari;es-PE;Telefonica del Peru;PERU;PIURA;GMT-5;519 S, 8063 O;225;Plin;cod 00 -aprobado;Cliente 289;DEBITO; $1.153 ; PE ;RL;Black;444;NOC;5000; $4.230 ;SI;;;;
40000090;USR-1290;Cliente 290;SSN-90290;cliente290@gmailcom;Aceptado;SNR;1978-01-01;2026-08-24;00:53:24;03:31:24;1902351090;residencial;FALSE;DEV-5290;Chrome;es-PE;Claro Peru;PERU;CUSCO;GMT-5;1352 S, 7196 O;465;PagoEfectivo;cod 00 -aprobado;Cliente 290;DEBITO; $196 ; PE ;SL;Blue;158;NOC;250; $165 ;SI;;;;
40000091;USR-1291;Cliente 291;SSN-90291;cliente291@gmailcom;Aceptado;GSR;1958-01-01;2024-07-20;00:54:00;05:47:00;1902351091;residencial;FALSE;DEV-5291;Safari;es-PE;Telefonica del Peru;PERU;LIMA;GMT-5;1404 S, 77,04 O;89;Yape;cod 00 -aprobado;Cliente 291;DEBITO; $834 ; PE ;SL;Gold;293;NOC;2000; $1.458 ;NO;;;;
40000092;USR-1292;Cliente 292;SSN-90292;cliente292@gmailcom;Aceptado;ADL;1987-01-01;2026-12-04;00:54:36;04:59:36;1902351092;residencial;FALSE;DEV-5292;Edge;es-PE;Claro Peru;PERU;AREQUIPA;GMT-5;1640 S, 7153 O;46;Plin;cod 00 -aprobado;Cliente 292;DEBITO; $873 ; PE ;RL;Gold;245;NOC;2000; $1.539 ;NO;;;;
40000093;USR-1293;Cliente 293;SSN-90293;cliente293@gmailcom;Aceptado;ADL;1996-01-01;2025-08-14;00:55:12;07:48:12;1902351093;m要il;FALSE;DEV-5293;Safari;es-PE;Telefonica del Peru;PERU;TRUJILLO;GMT-5;811 S, 7902 O;455;PagoEfectivo;cod 00 -aprobado;Cliente 293;DEBITO; $846 ; PE ;RL;Gold;413;NOC;2000; $1.481 ;SI;;;;
40000094;USR-1294;Cliente 294;SSN-90294;cliente294@gmailcom;Aceptado;GSR;1964-01-01;2025-12-15;00:55:48;04:38:48;1902351094;residencial;FALSE;DEV-5294;Firefox;es-PE;Claro Peru;PERU;CHICLAYO;GMT-5;677 S, 7984 O;496;Yape;cod 00 -aprobado;Cliente 294;DEBITO; $1.192 ; PE ;SL;Black;223;NOC;5000; $4.189 ;NO;;;;
40000095;USR-1295;Cliente 295;SSN-90295;cliente295@gmailcom;Aceptado;GSR;1964-01-01;2023-01-25;00:56:24;02:12:24;1902351095;m要il;FALSE;DEV-5295;Chrome;es-PE;Telefonica del Peru;PERU;PIURA;GMT-5;519 S, 8063 O;351;Plin;cod 00 -aprobado;Cliente 295;DEBITO; $1.042 ; PE ;RL;Platinum;76;NOC;3500; $2.784 ;SI;;;;
40000096;USR-1296;Cliente 296;SSN-90296;cliente296@gmailcom;No Aceptado;SNR;1972-01-01;2025-08-16;00:57:00;02:34:00;1902351096;m要il;FALSE;DEV-5296;Chrome;es-PE;Claro Peru;PERU;CUSCO;GMT-5;1352 S, 7196 O;398;PagoEfectivo;cod 00 -aprobado;Cliente 296;DEBITO; $232 ; PE ;RL;Blue;97;NOC;250; $156 ;SI;;;;
40000097;USR-1297;Cliente 297;SSN-90297;cliente297@gmailcom;Aceptado;ADL;1990-01-01;2025-04-18;00:57:36;07:37:36;1902351097;data center;FALSE;DEV-5297;Chrome;es-PE;Telefonica del Peru;PERU;LIMA;GMT-5;1404 S, 77,04 O;443;Yape;cod 00 -aprobado;Cliente 297;DEBITO; $1.305 ; PE ;RL;Black;400;NOC;5000; $4.157 ;NO;;;;
40000098;USR-1298;Cliente 298;SSN-90298;cliente298@gmailcom;Aceptado;ADL;1987-01-01;2023-09-02;00:58:12;05:09:12;1902351098;m要il;FALSE;DEV-5298;Safari;es-PE;Claro Peru;PERU;AREQUIPA;GMT-5;1640 S, 7153 O;225;Plin;cod 00 -aprobado;Cliente 298;DEBITO; $548 ; PE ;SL;Orange;251;NOC;1000; $814 ;SI;;;;
40000099;USR-1299;Cliente 299;SSN-90299;cliente299@gmailcom;Aceptado;ADL;1993-01-01;2023-07-22;00:58:48;07:26:48;1902351099;residencial;FALSE;DEV-5299;Safari;es-PE;Telefonica del Peru;PERU;TRUJILLO;GMT-5;811 S, 7902 O;386;PagoEfectivo;cod 00 -aprobado;Cliente 299;DEBITO; $1.321 ; PE ;RL;Black;388;NOC;5000; $4.179 ;NO;;;;
40000100;USR-1300;Cliente 300;SSN-90300;cliente300@gmailcom;Aceptado;GSR;1953-01-01;2026-03-14;00:59:24;08:34:24;19023510100;data center;FALSE;DEV-5300;Chrome;es-PE;Claro Peru;PERU;CHICLAYO;GMT-5;677 S, 7984 O;167;Yape;cod 00 -aprobado;Cliente 300;DEBITO; $1.005 ; PE ;SL;Platinum;455;NOC;3500; $2.813 ;NO;;;;
40000101;USR-1301;Cliente 301;SSN-90301;cliente301@gmailcom;Aceptado;GSR;1952-01-01;2026-12-22;01:00:00;02:46:00;19023510101;residencial;FALSE;DEV-5301;Edge;es-PE;Telefonica del Peru;PERU;PIURA;GMT-5;519 S, 8063 O;406;Plin;cod 00 -aprobado;Cliente 301;DEBITO; $1.037 ; PE ;SL;Platinum;106;NOC;3500; $2.810 ;NO;;;;
40000102;USR-1302;Cliente 302;SSN-90302;cliente302@gmailcom;Aceptado;ADL;1987-01-01;2024-11-16;01:00:36;01:58:36;19023510102;residencial;FALSE;DEV-5302;Chrome;es-PE;Claro Peru;PERU;CUSCO;GMT-5;1352 S, 7196 O;176;PagoEfectivo;cod-51 fondo insuficiente;Cliente 302;DEBITO; $777 ; PE ;SL;Gold;58;NOC;2000; $1.535 ;NO;;;;
40000103;USR-1303;Cliente 303;SSN-90303;cliente303@gmailcom;Aceptado;SNR;1979-01-01;2024-09-25;01:01:12;08:14:12;19023510103;m要il;FALSE;DEV-5303;Chrome;es-PE;Telefonica del Peru;PERU;LIMA;GMT-5;1404 S, 77,04 O;448;Yape;cod 00 -aprobado;Cliente 303;DEBITO; $1.228 ; PE ;RL;Black;433;NOC;5000; $4.165 ;NO;;;;
40000104;USR-1304;Cliente 304;SSN-90304;cliente304@gmailcom;Aceptado;GSR;1953-01-01;2024-05-06;01:01:48;05:58:48;19023510104;data center;FALSE;DEV-5304;Chrome;es-PE;Claro Peru;PERU;AREQUIPA;GMT-5;1640 S, 7153 O;288;Plin;cod 00 -aprobado;Cliente 304;DEBITO; $1.482 ; PE ;SL;Black;297;NOC;5000; $4.181 ;SI;;;;
40000105;USR-1305;Cliente 305;SSN-90305;cliente305@gmailcom;Aceptado;SNR;1970-01-01;2026-10-21;01:02:24;04:03:24;19023510105;residencial;FALSE;DEV-5305;Edge;es-PE;Telefonica del Peru;PERU;TRUJILLO;GMT-5;811 S, 7902 O;85;PagoEfectivo;cod 00 -aprobado;Cliente 305;DEBITO; $351 ; PE ;BJ;Blue;181;NOC;250; $142 ;SI;;;;
40000106;USR-1306;Cliente 306;SSN-90306;cliente306@gmailcom;Aceptado;GSR;1951-01-01;2024-12-26;01:03:00;01:40:00;19023510106;residencial;FALSE;DEV-5306;Edge;es-PE;Claro Peru;PERU;CHICLAYO;GMT-5;677 S, 7984 O;91;Yape;cod 00 -aprobado;Cliente 306;DEBITO; $616 ; PE ;RL;Orange;37;NOC;1000; $817 ;SI;;;;
40000107;USR-1307;Cliente 307;SSN-90307;cliente307@gmailcom;Aceptado;SNR;1976-01-01;2024-09-18;01:03:36;01:19:36;19023510107;m要il;FALSE;DEV-5307;Safari;es-PE;Telefonica del Peru;PERU;PIURA;GMT-5;519 S, 8063 O;317;Plin;cod 00 -aprobado;Cliente 307;DEBITO; $420 ; PE ;PK;Orange;16;NOC;1000; $822 ;SI;;;;
40000108;USR-1308;Cliente 308;SSN-90308;cliente308@gmailcom;Aceptado;ADL;1991-01-01;2023-06-09;01:04:12;04:04:12;19023510108;m要il;FALSE;DEV-5308;Chrome;es-PE;Claro Peru;PERU;CUSCO;GMT-5;1352 S, 7196 O;94;PagoEfectivo;cod-51 fondo insuficiente;Cliente 308;DEBITO; $1.039 ; PE ;PK;Platinum;180;NOC;3500; $2.800 ;SI;;;;
40000109;USR-1309;Cliente 309;SSN-90309;cliente309@gmailcom;Aceptado;SNR;1983-01-01;2024-09-21;01:04:48;07:11:48;19023510109;m要il;FALSE;DEV-5309;Chrome;es-PE;Telefonica del Peru;PERU;LIMA;GMT-5;1404 S, 77,04 O;426;Yape;cod 00 -aprobado;Cliente 309;DEBITO; $963 ; PE ;SL;Platinum;367;NOC;3500; $2.817 ;NO;;;;
40000110;USR-1310;Cliente 310;SSN-90310;cliente310@gmailcom;Aceptado;SNR;1978-01-01;2025-09-21;01:05:24;08:26:24;19023510110;residencial;FALSE;DEV-5310;Chrome;es-PE;Claro Peru;PERU;AREQUIPA;GMT-5;1640 S, 7153 O;127;Plin;cod 00 -aprobado;Cliente 310;DEBITO; $1.329 ; PE ;RL;Black;441;NOC;5000; $4.177 ;NO;;;;
40000111;USR-1311;Cliente 311;SSN-90311;cliente311@gmailcom;Aceptado;GSR;1950-01-01;2023-07-25;01:06:00;05:09:00;19023510111;residencial;FALSE;DEV-5311;Chrome;es-PE;Telefonica del Peru;PERU;TRUJILLO;GMT-5;811 S, 7902 O;20;PagoEfectivo;cod 00 -aprobado;Cliente 311;DEBITO; $135 ; PE ;BJ;Blue;243;NOC;250; $171 ;SI;;;;
40000112;USR-1312;Cliente 312;SSN-90312;cliente312@gmailcom;Aceptado;GSR;1952-01-01;2023-11-23;01:06:36;01:21:36;19023510112;residencial;FALSE;DEV-5312;Safari;es-PE;Claro Peru;PERU;CHICLAYO;GMT-5;677 S, 7984 O;156;Yape;cod 00 -aprobado;Cliente 312;DEBITO; $563 ; PE ;SL;Orange;15;NOC;1000; $780 ;SI;;;;
40000113;USR-1313;Cliente 313;SSN-90313;cliente313@gmailcom;Aceptado;GSR;1964-01-01;2023-03-04;01:07:12;05:11:12;19023510113;m要il;FALSE;DEV-5313;Chrome;es-PE;Telefonica del Peru;PERU;PIURA;GMT-5;519 S, 8063 O;281;Plin;cod 00 -aprobado;Cliente 313;DEBITO; $1.055 ; PE ;SL;Platinum;244;NOC;3500; $2.762 ;NO;;;;
40000114;USR-1314;Cliente 314;SSN-90314;cliente314@gmailcom;Aceptado;SNR;1981-01-01;2026-08-25;01:07:48;01:38:48;19023510114;residencial;FALSE;DEV-5314;Safari;es-PE;Claro Peru;PERU;CUSCO;GMT-5;1352 S, 7196 O;9;PagoEfectivo;cod 00 -aprobado;Cliente 314;DEBITO; $887 ; PE ;PK;Gold;31;NOC;2000; $1.498 ;NO;;;;
40000115;USR-1315;Cliente 315;SSN-90315;cliente315@gmailcom;No Aceptado;SNR;1977-01-01;2024-04-13;01:08:24;04:08:24;19023510115;residencial;FALSE;DEV-5315;Chrome;es-PE;Telefonica del Peru;PERU;LIMA;GMT-5;1404 S, 77,04 O;200;Yape;cod-51 fondo insuficiente;Cliente 315;DEBITO; $897 ; PE ;BJ;Gold;180;NOC;2000; $1.508 ;NO;;;;
40000116;USR-1316;Cliente 316;SSN-90316;cliente316@gmailcom;No Aceptado;SNR;1984-01-01;2025-04-09;01:09:00;03:43:00;19023510116;residencial;FALSE;DEV-5316;Edge;es-PE;Claro Peru;PERU;AREQUIPA;GMT-5;1640 S, 7153 O;92;Plin;cod 00 -aprobado;Cliente 316;DEBITO; $245 ; PE ;SL;Blue;154;NOC;250; $146 ;SI;;;;
40000117;USR-1317;Cliente 317;SSN-90317;cliente317@gmailcom;Aceptado;GSR;1954-01-01;2024-05-11;01:09:36;07:14:36;19023510117;data center;FALSE;DEV-5317;Edge;es-PE;Telefonica del Peru;PERU;TRUJILLO;GMT-5;811 S, 7902 O;298;PagoEfectivo;cod-51 fondo insuficiente;Cliente 317;DEBITO; $142 ; PE ;PK;Blue;365;NOC;250; $168 ;SI;;;;
40000118;USR-1318;Cliente 318;SSN-90318;cliente318@gmailcom;Aceptado;GSR;1954-01-01;2026-04-18;01:10:12;02:07:12;19023510118;residencial;FALSE;DEV-5318;Firefox;es-PE;Claro Peru;PERU;CHICLAYO;GMT-5;677 S, 7984 O;432;Yape;cod 00 -aprobado;Cliente 318;DEBITO; $517 ; PE ;SL;Orange;57;NOC;1000; $791 ;NO;;;;
40000119;USR-1319;Cliente 319;SSN-90319;cliente319@gmailcom;Aceptado;ADL;1991-01-01;2024-03-22;01:10:48;05:20:48;19023510119;residencial;TRUE;DEV-5319;Edge;es-PE;Telefonica del Peru;PERU;PIURA;GMT-5;519 S, 8063 O;75;Plin;cod 00 -aprobado;Cliente 319;DEBITO; $364 ; PE ;RL;Blue;250;NOC;250; $124 ;SI;;;;
40000120;USR-1320;Cliente 320;SSN-90320;cliente320@gmailcom;Aceptado;GSR;1966-01-01;2026-06-11;01:11:24;04:23:24;19023510120;residencial;FALSE;DEV-5320;Safari;es-PE;Claro Peru;PERU;CUSCO;GMT-5;1352 S, 7196 O;334;PagoEfectivo;cod 00 -aprobado;Cliente 320;DEBITO; $51 ; PE ;SL;Blue;192;NOC;250; $106 ;NO;;;;
40000121;USR-1321;Cliente 321;SSN-90321;cliente321@gmailcom;No Aceptado;ADL;1987-01-01;2026-04-22;01:12:00;06:50:00;19023510121;m要il;FALSE;DEV-5321;Chrome;es-PE;Telefonica del Peru;PERU;LIMA;GMT-5;1404 S, 77,04 O;388;Yape;cod 00 -aprobado;Cliente 321;DEBITO; $864 ; PE ;RL;Gold;338;NOC;2000; $1.521 ;NO;;;;
40000122;USR-1322;Cliente 322;SSN-90322;cliente322@gmailcom;Aceptado;SNR;1977-01-01;2023-11-19;01:12:36;08:15:36;19023510122;residencial;FALSE;DEV-5322;Chrome;es-PE;Claro Peru;PERU;AREQUIPA;GMT-5;1640 S, 7153 O;439;Plin;cod 00 -aprobado;Cliente 322;DEBITO; $753 ; PE ;BJ;Gold;423;NOC;2000; $1.515 ;NO;;;;
40000123;USR-1323;Cliente 323;SSN-90323;cliente323@gmailcom;Aceptado;ADL;1989-01-01;2026-07-15;01:13:12;07:31:12;19023510123;residencial;FALSE;DEV-5323;Chrome;es-PE;Telefonica del Peru;PERU;TRUJILLO;GMT-5;811 S, 7902 O;144;PagoEfectivo;cod 00 -aprobado;Cliente 323;DEBITO; $129 ; PE ;SL;Blue;378;NOC;250; $154 ;SI;;;;
40000124;USR-1324;Cliente 324;SSN-90324;cliente324@gmailcom;No Aceptado;ADL;1987-01-01;2025-11-23;01:13:48;05:49:48;19023510124;m要il;FALSE;DEV-5324;Edge;es-PE;Claro Peru;PERU;CHICLAYO;GMT-5;677 S, 7984 O;427;Yape;cod-51 fondo insuficiente;Cliente 324;DEBITO; $629 ; PE ;RL;Orange;276;NOC;1000; $787 ;SI;;;;
40000125;USR-1325;Cliente 325;SSN-90325;cliente325@gmailcom;Aceptado;SNR;1984-01-01;2023-12-20;01:14:24;06:48:24;19023510125;residencial;FALSE;DEV-5325;Chrome;es-PE;Telefonica del Peru;PERU;PIURA;GMT-5;519 S, 8063 O;276;Plin;cod 00 -aprobado;Cliente 325;DEBITO; $407 ; PE ;PK;Orange;334;NOC;1000; $796 ;SI;;;;
40000126;USR-1326;Cliente 326;SSN-90326;cliente326@gmailcom;Aceptado;ADL;1994-01-01;2023-02-04;01:15:00;05:31:00;19023510126;m要il;FALSE;DEV-5326;Safari;es-PE;Claro Peru;PERU;CUSCO;GMT-5;1352 S, 7196 O;20;PagoEfectivo;cod 00 -aprobado;Cliente 326;DEBITO; $359 ; PE ;PK;Blue;256;NOC;250; $173 ;SI;;;;
40000127;USR-1327;Cliente 327;SSN-90327;cliente327@gmailcom;Aceptado;GSR;1959-01-01;2025-08-15;01:15:36;06:09:36;19023510127;residencial;FALSE;DEV-5327;Chrome;es-PE;Telefonica del Peru;PERU;LIMA;GMT-5;1404 S, 77,04 O;447;Yape;cod 00 -aprobado;Cliente 327;DEBITO; $1.228 ; PE ;PK;Black;294;NOC;5000; $4.207 ;NO;;;;
40000128;USR-1328;Cliente 328;SSN-90328;cliente328@gmailcom;Aceptado;ADL;1987-01-01;2025-03-17;01:16:12;01:25:12;19023510128;residencial;FALSE;DEV-5328;Chrome;es-PE;Claro Peru;PERU;AREQUIPA;GMT-5;1640 S, 7153 O;111;Plin;cod 00 -aprobado;Cliente 328;DEBITO; $88 ; PE ;SL;Blue;9;NOC;250; $122 ;SI;;;;
40000129;USR-1329;Cliente 329;SSN-90329;cliente329@gmailcom;Aceptado;GSR;1961-01-01;2026-11-11;01:16:48;08:42:48;19023510129;residencial;FALSE;DEV-5329;Safari;es-PE;Telefonica del Peru;PERU;TRUJILLO;GMT-5;811 S, 7902 O;358;PagoEfectivo;cod-51 fondo insuficiente;Cliente 329;DEBITO; $1.113 ; PE ;SL;Black;446;NOC;5000; $4.224 ;NO;;;;
40000130;USR-1330;Cliente 330;SSN-90330;cliente330@gmailcom;Aceptado;GSR;1953-01-01;2024-01-24;01:17:24;02:14:24;19023510130;residencial;FALSE;DEV-5330;Chrome;es-PE;Claro Peru;PERU;CHICLAYO;GMT-5;677 S, 7984 O;414;Yape;cod-43 tarjeta robada;Cliente 330;DEBITO; $628 ; PE ;RL;Orange;57;NOC;1000; $807 ;NO;;;;
40000131;USR-1331;Cliente 331;SSN-90331;cliente331@gmailcom;No Aceptado;SNR;1973-01-01;2026-11-22;01:18:00;07:46:00;19023510131;m要il;FALSE;DEV-5331;Chrome;es-PE;Telefonica del Peru;PERU;PIURA;GMT-5;519 S, 8063 O;347;Plin;cod 00 -aprobado;Cliente 331;DEBITO; $414 ; PE ;RL;Orange;388;NOC;1000; $775 ;SI;;;;
40000132;USR-1332;Cliente 332;SSN-90332;cliente332@gmailcom;Aceptado;SNR;1980-01-01;2026-08-25;01:18:36;04:55:36;19023510132;residencial;TRUE;DEV-5332;Chrome;es-PE;Claro Peru;PERU;CUSCO;GMT-5;1352 S, 7196 O;34;PagoEfectivo;cod 00 -aprobado;Cliente 332;DEBITO; $887 ; PE ;RL;Gold;217;NOC;2000; $1.512 ;SI;;;;
40000133;USR-1333;Cliente 333;SSN-90333;cliente333@gmailcom;No Aceptado;GSR;1952-01-01;2025-12-20;01:19:12;02:55:12;19023510133;residencial;FALSE;DEV-5333;Chrome;es-PE;Telefonica del Peru;PERU;LIMA;GMT-5;1404 S, 77,04 O;386;Yape;cod 00 -aprobado;Cliente 333;DEBITO; $74 ; PE ;PK;Blue;96;NOC;250; $128 ;SI;;;;
40000134;USR-1334;Cliente 334;SSN-90334;cliente334@gmailcom;Aceptado;GSR;1959-01-01;2024-05-05;01:19:48;07:33:48;19023510134;residencial;FALSE;DEV-5334;Safari;es-PE;Claro Peru;PERU;AREQUIPA;GMT-5;1640 S, 7153 O;415;Plin;cod 00 -aprobado;Cliente 334;DEBITO; $384 ; PE ;SL;Blue;374;NOC;250; $134 ;NO;;;;
40000135;USR-1335;Cliente 335;SSN-90335;cliente335@gmailcom;Aceptado;SNR;1971-01-01;2023-10-19;01:20:24;04:35:24;19023510135;residencial;FALSE;DEV-5335;Chrome;es-PE;Telefonica del Peru;PERU;TRUJILLO;GMT-5;811 S, 7902 O;323;PagoEfectivo;cod 00 -aprobado;Cliente 335;DEBITO; $342 ; PE ;RL;Blue;195;NOC;250; $125 ;SI;;;;
40000136;USR-1336;Cliente 336;SSN-90336;cliente336@gmailcom;No Aceptado;GSR;1963-01-01;2023-02-11;01:21:00;06:14:00;19023510136;residencial;FALSE;DEV-5336;Chrome;es-PE;Claro Peru;PERU;CHICLAYO;GMT-5;677 S, 7984 O;179;Yape;cod 00 -aprobado;Cliente 336;DEBITO; $1.464 ; PE ;RL;Black;293;NOC;5000; $4.186 ;NO;;;;
40000137;USR-1337;Cliente 337;SSN-90337;cliente337@gmailcom;Aceptado;GSR;1956-01-01;2026-02-15;01:21:36;04:29:36;19023510137;residencial;FALSE;DEV-5337;Chrome;es-PE;Telefonica del Peru;PERU;PIURA;GMT-5;519 S, 8063 O;259;Plin;cod 00 -aprobado;Cliente 337;DEBITO; $701 ; PE ;RL;Gold;188;NOC;2000; $1.523 ;NO;;;;
40000138;USR-1338;Cliente 338;SSN-90338;cliente338@gmailcom;Aceptado;ADL;1993-01-01;2025-07-19;01:22:12;01:59:12;19023510138;residencial;FALSE;DEV-5338;Chrome;es-PE;Claro Peru;PERU;CUSCO;GMT-5;1352 S, 7196 O;109;PagoEfectivo;cod 00 -aprobado;Cliente 338;DEBITO; $550 ; PE ;RL;Orange;37;NOC;1000; $801 ;SI;;;;
40000139;USR-1339;Cliente 339;SSN-90339;cliente339@gmailcom;Aceptado;ADL;1986-01-01;2023-09-21;01:22:48;07:01:48;19023510139;residencial;TRUE;DEV-5339;Chrome;es-PE;Telefonica del Peru;PERU;LIMA;GMT-5;1404 S, 77,04 O;464;Yape;cod 00 -aprobado;Cliente 339;DEBITO; $1.448 ; PE ;SL;Black;339;NOC;5000; $4.200 ;SI;;;;
40000140;USR-1340;Cliente 340;SSN-90340;cliente340@gmailcom;Aceptado;ADL;1987-01-01;2025-09-19;01:23:24;06:38:24;19023510140;residencial;FALSE;DEV-5340;Safari;es-PE;Claro Peru;PERU;AREQUIPA;GMT-5;1640 S, 7153 O;52;Plin;cod 00 -aprobado;Cliente 340;DEBITO; $399 ; PE ;SL;Blue;315;NOC;250; $126 ;SI;;;;
40000141;USR-1341;Cliente 341;SSN-90341;cliente341@gmailcom;Aceptado;SNR;1979-01-01;2026-02-24;01:24:00;04:10:00;19023510141;residencial;FALSE;DEV-5341;Chrome;es-PE;Telefonica del Peru;PERU;TRUJILLO;GMT-5;811 S, 7902 O;425;PagoEfectivo;cod 00 -aprobado;Cliente 341;DEBITO; $406 ; PE ;PK;Orange;166;NOC;1000; $818 ;SI;;;;
40000142;USR-1342;Cliente 342;SSN-90342;cliente342@gmailcom;Aceptado;SNR;1971-01-01;2023-07-15;01:24:36;08:44:36;19023510142;residencial;FALSE;DEV-5342;Edge;es-PE;Claro Peru;PERU;CHICLAYO;GMT-5;677 S, 7984 O;262;Yape;cod 00 -aprobado;Cliente 342;DEBITO; $1.216 ; PE ;RL;Black;440;NOC;5000; $4.198 ;NO;;;;
40000143;USR-1343;Cliente 343;SSN-90343;cliente343@gmailcom;Aceptado;SNR;1968-01-01;2026-03-19;01:25:12;09:24:12;19023510143;m要il;FALSE;DEV-5343;Edge;es-PE;Telefonica del Peru;PERU;PIURA;GMT-5;519 S, 8063 O;437;Plin;cod 00 -aprobado;Cliente 343;DEBITO; $263 ; PE ;SL;Blue;479;NOC;250; $130 ;SI;;;;
40000144;USR-1344;Cliente 344;SSN-90344;cliente344@gmailcom;Aceptado;GSR;1960-01-01;2026-06-12;01:25:48;05:41:48;19023510144;m要il;TRUE;DEV-5344;Chrome;es-PE;Claro Peru;PERU;CUSCO;GMT-5;1352 S, 7196 O;286;PagoEfectivo;cod-51 fondo insuficiente;Cliente 344;DEBITO; $27 ; PE ;PK;Blue;256;NOC;250; $140 ;SI;;;;
40000145;USR-1345;Cliente 345;SSN-90345;cliente345@gmailcom;Aceptado;GSR;1958-01-01;2026-01-12;01:26:24;03:46:24;19023510145;residencial;FALSE;DEV-5345;Chrome;es-PE;Telefonica del Peru;PERU;LIMA;GMT-5;1404 S, 77,04 O;65;Yape;cod 00 -aprobado;Cliente 345;DEBITO; $1.194 ; PE ;SL;Black;140;NOC;5000; $4.169 ;NO;;;;
40000146;USR-1346;Cliente 346;SSN-90346;cliente346@gmailcom;Aceptado;ADL;1993-01-01;2025-06-18;01:27:00;02:41:00;19023510146;data center;FALSE;DEV-5346;Chrome;es-PE;Claro Peru;PERU;AREQUIPA;GMT-5;1640 S, 7153 O;221;Plin;cod 00 -aprobado;Cliente 346;DEBITO; $1.103 ; PE ;SL;Black;74;NOC;5000; $4.230 ;NO;;;;
40000147;USR-1347;Cliente 347;SSN-90347;cliente347@gmailcom;Aceptado;ADL;1987-01-01;2026-01-18;01:27:36;01:34:36;19023510147;residencial;FALSE;DEV-5347;Chrome;es-PE;Telefonica del Peru;PERU;TRUJILLO;GMT-5;811 S, 7902 O;464;PagoEfectivo;cod-51 fondo insuficiente;Cliente 347;DEBITO; $50 ; PE ;SL;Blue;7;NOC;250; $161 ;SI;;;;
40000148;USR-1348;Cliente 348;SSN-90348;cliente348@gmailcom;Aceptado;SNR;1968-01-01;2024-11-11;01:28:12;07:10:12;19023510148;residencial;FALSE;DEV-5348;Chrome;es-PE;Claro Peru;PERU;CHICLAYO;GMT-5;677 S, 7984 O;34;Yape;cod 00 -aprobado;Cliente 348;DEBITO; $389 ; PE ;PK;Blue;342;NOC;250; $164 ;NO;;;;
40000149;USR-1349;Cliente 349;SSN-90349;cliente349@gmailcom;Aceptado;SNR;1973-01-01;2025-08-17;01:28:48;04:34:48;19023510149;m要il;FALSE;DEV-5349;Chrome;es-PE;Telefonica del Peru;PERU;PIURA;GMT-5;519 S, 8063 O;489;Plin;cod 00 -aprobado;Cliente 349;DEBITO; $710 ; PE ;RL;Gold;186;NOC;2000; $1.501 ;NO;;;;
40000150;USR-1350;Cliente 350;SSN-90350;cliente350@gmailcom;Aceptado;ADL;1990-01-01;2023-10-27;01:29:24;03:26:24;19023510150;m要il;FALSE;DEV-5350;Safari;es-PE;Claro Peru;PERU;CUSCO;GMT-5;1352 S, 7196 O;198;PagoEfectivo;cod 00 -aprobado;Cliente 350;DEBITO; $764 ; PE ;BJ;Gold;117;NOC;2000; $1.514 ;NO;;;;
40000151;USR-1351;Cliente 351;SSN-90351;cliente351@gmailcom;No Aceptado;ADL;1995-01-01;2023-02-04;01:30:00;04:51:00;19023510151;m要il;TRUE;DEV-5351;Chrome;es-PE;Telefonica del Peru;PERU;LIMA;GMT-5;1404 S, 77,04 O;353;Yape;cod 00 -aprobado;Cliente 351;DEBITO; $812 ; PE ;PK;Gold;201;NOC;2000; $1.513 ;NO;;;;
40000152;USR-1352;Cliente 352;SSN-90352;cliente352@gmailcom;Aceptado;ADL;1992-01-01;2024-06-16;01:30:36;05:39:36;19023510152;residencial;FALSE;DEV-5352;Safari;es-PE;Claro Peru;PERU;AREQUIPA;GMT-5;1640 S, 7153 O;389;Plin;cod 00 -aprobado;Cliente 352;DEBITO; $30 ; PE ;BJ;Blue;249;NOC;250; $195 ;NO;;;;
40000153;USR-1353;Cliente 353;SSN-90353;cliente353@gmailcom;Aceptado;GSR;1952-01-01;2023-01-08;01:31:12;08:07:12;19023510153;residencial;FALSE;DEV-5353;Edge;es-PE;Telefonica del Peru;PERU;TRUJILLO;GMT-5;811 S, 7902 O;48;PagoEfectivo;cod 00 -aprobado;Cliente 353;DEBITO; $281 ; PE ;BJ;Blue;396;NOC;250; $139 ;NO;;;;
40000154;USR-1354;Cliente 354;SSN-90354;cliente354@gmailcom;Aceptado;SNR;1985-01-01;2024-01-16;01:31:48;02:01:48;19023510154;residencial;FALSE;DEV-5354;Chrome;es-PE;Claro Peru;PERU;CHICLAYO;GMT-5;677 S, 7984 O;159;Yape;cod-05 rechazado;Cliente 354;DEBITO; $1.427 ; PE ;BJ;Black;30;NOC;5000; $4.238 ;NO;;;;
40000155;USR-1355;Cliente 355;SSN-90355;cliente355@gmailcom;Aceptado;ADL;1995-01-01;2026-02-09;01:32:24;03:17:24;19023510155;m要il;FALSE;DEV-5355;Safari;es-PE;Telefonica del Peru;PERU;PIURA;GMT-5;519 S, 8063 O;83;Plin;cod 00 -aprobado;Cliente 355;DEBITO; $560 ; PE ;PK;Orange;105;NOC;1000; $782 ;SI;;;;
40000156;USR-1356;Cliente 356;SSN-90356;cliente356@gmailcom;No Aceptado;SNR;1978-01-01;2026-08-15;01:33:00;06:40:00;19023510156;m要il;FALSE;DEV-5356;Safari;es-PE;Claro Peru;PERU;CUSCO;GMT-5;1352 S, 7196 O;217;PagoEfectivo;cod 00 -aprobado;Cliente 356;DEBITO; $362 ; PE ;PK;Blue;307;NOC;250; $188 ;NO;;;;
40000157;USR-1357;Cliente 357;SSN-90357;cliente357@gmailcom;Aceptado;SNR;1979-01-01;2023-04-01;01:33:36;05:45:36;19023510157;residencial;FALSE;DEV-5357;Safari;es-PE;Telefonica del Peru;PERU;LIMA;GMT-5;1404 S, 77,04 O;52;Yape;cod 00 -aprobado;Cliente 357;DEBITO; $563 ; PE ;SL;Orange;252;NOC;1000; $803 ;SI;;;;
40000158;USR-1358;Cliente 358;SSN-90358;cliente358@gmailcom;No Aceptado;SNR;1974-01-01;2026-03-19;01:34:12;01:39:12;19023510158;residencial;FALSE;DEV-5358;Chrome;es-PE;Claro Peru;PERU;AREQUIPA;GMT-5;1640 S, 7153 O;421;Plin;cod 00 -aprobado;Cliente 358;DEBITO; $1.422 ; PE ;BJ;Black;5;NOC;5000; $4.203 ;NO;;;;
40000159;USR-1359;Cliente 359;SSN-90359;cliente359@gmailcom;Aceptado;GSR;1951-01-01;2023-08-08;01:34:48;08:47:48;19023510159;residencial;FALSE;DEV-5359;Chrome;es-PE;Telefonica del Peru;PERU;TRUJILLO;GMT-5;811 S, 7902 O;451;PagoEfectivo;cod 00 -aprobado;Cliente 359;DEBITO; $152 ; PE ;RL;Blue;433;NOC;250; $170 ;SI;;;;
40000160;USR-1360;Cliente 360;SSN-90360;cliente360@gmailcom;Aceptado;ADL;1997-01-01;2025-01-18;01:35:24;02:24:24;19023510160;data center;FALSE;DEV-5360;Safari;es-PE;Claro Peru;PERU;CHICLAYO;GMT-5;677 S, 7984 O;105;Yape;cod-43 tarjeta robada;Cliente 360;DEBITO; $97 ; PE ;RL;Blue;49;NOC;250; $181 ;SI;;;;
40000161;USR-1361;Cliente 361;SSN-90361;cliente361@gmailcom;Aceptado;SNR;1972-01-01;2026-03-11;01:36:00;08:02:00;19023510161;m要il;FALSE;DEV-5361;Safari;es-PE;Telefonica del Peru;PERU;PIURA;GMT-5;519 S, 8063 O;241;Plin;cod 00 -aprobado;Cliente 361;DEBITO; $1.348 ; PE ;RL;Black;386;NOC;5000; $4.222 ;NO;;;;
40000162;USR-1362;Cliente 362;SSN-90362;cliente362@gmailcom;Aceptado;SNR;1980-01-01;2025-03-06;01:36:36;02:34:36;19023510162;residencial;FALSE;DEV-5362;Edge;es-PE;Claro Peru;PERU;CUSCO;GMT-5;1352 S, 7196 O;25;PagoEfectivo;cod 00 -aprobado;Cliente 362;DEBITO; $1.081 ; PE ;RL;Platinum;58;NOC;3500; $2.798 ;NO;;;;
40000163;USR-1363;Cliente 363;SSN-90363;cliente363@gmailcom;Aceptado;GSR;1952-01-01;2023-07-27;01:37:12;08:46:12;19023510163;m要il;FALSE;DEV-5363;Edge;es-PE;Telefonica del Peru;PERU;LIMA;GMT-5;1404 S, 77,04 O;141;Yape;cod 00 -aprobado;Cliente 363;DEBITO; $796 ; PE ;SL;Gold;429;NOC;2000; $1.530 ;NO;;;;
40000164;USR-1364;Cliente 364;SSN-90364;cliente364@gmailcom;Aceptado;ADL;1991-01-01;2023-05-17;01:37:48;06:01:48;19023510164;residencial;FALSE;DEV-5364;Chrome;es-PE;Claro Peru;PERU;AREQUIPA;GMT-5;1640 S, 7153 O;254;Plin;cod-51 fondo insuficiente;Cliente 364;DEBITO; $100 ; PE ;RL;Blue;264;NOC;250; $188 ;SI;;;;
40000165;USR-1365;Cliente 365;SSN-90365;cliente365@gmailcom;Aceptado;GSR;1965-01-01;2025-01-18;01:38:24;03:11:24;19023510165;m要il;FALSE;DEV-5365;Chrome;es-PE;Telefonica del Peru;PERU;TRUJILLO;GMT-5;811 S, 7902 O;25;PagoEfectivo;cod 00 -aprobado;Cliente 365;DEBITO; $994 ; PE ;SL;Platinum;93;NOC;3500; $2.760 ;NO;;;;
40000166;USR-1366;Cliente 366;SSN-90366;cliente366@gmailcom;Aceptado;SNR;1976-01-01;2026-03-20;01:39:00;02:34:00;19023510166;residencial;TRUE;DEV-5366;Firefox;es-PE;Claro Peru;PERU;CHICLAYO;GMT-5;677 S, 7984 O;499;Yape;cod 00 -aprobado;Cliente 366;DEBITO; $764 ; PE ;RL;Gold;55;NOC;2000; $1.521 ;NO;;;;
40000167;USR-1367;Cliente 367;SSN-90367;cliente367@gmailcom;No Aceptado;SNR;1985-01-01;2025-11-26;01:39:36;04:53:36;19023510167;m要il;FALSE;DEV-5367;Chrome;es-PE;Telefonica del Peru;PERU;PIURA;GMT-5;519 S, 8063 O;290;Plin;cod 00 -aprobado;Cliente 367;DEBITO; $1.177 ; PE ;RL;Black;194;NOC;5000; $4.220 ;NO;;;;
40000168;USR-1368;Cliente 368;SSN-90368;cliente368@gmailcom;Aceptado;GSR;1963-01-01;2023-12-12;01:40:12;05:49:12;19023510168;m要il;FALSE;DEV-5368;Chrome;es-PE;Claro Peru;PERU;CUSCO;GMT-5;1352 S, 7196 O;489;PagoEfectivo;cod 00 -aprobado;Cliente 368;DEBITO; $1.301 ; PE ;SL;Black;249;NOC;5000; $4.230 ;NO;;;;
40000169;USR-1369;Cliente 369;SSN-90369;cliente369@gmailcom;Aceptado;SNR;1984-01-01;2023-11-08;01:40:48;02:29:48;19023510169;residencial;FALSE;DEV-5369;Firefox;es-PE;Telefonica del Peru;PERU;LIMA;GMT-5;1404 S, 77,04 O;221;Yape;cod 00 -aprobado;Cliente 369;DEBITO; $919 ; PE ;BJ;Platinum;49;NOC;3500; $2.771 ;SI;;;;
40000170;USR-1370;Cliente 370;SSN-90370;cliente370@gmailcom;Aceptado;ADL;1993-01-01;2024-04-15;01:41:24;02:15:24;19023510170;residencial;FALSE;DEV-5370;Safari;es-PE;Claro Peru;PERU;AREQUIPA;GMT-5;1640 S, 7153 O;394;Plin;cod 00 -aprobado;Cliente 370;DEBITO; $579 ; PE ;RL;Orange;34;NOC;1000; $761 ;SI;;;;
40000171;USR-1371;Cliente 371;SSN-90371;cliente371@gmailcom;Aceptado;GSR;1951-01-01;2023-08-01;01:42:00;04:31:00;19023510171;residencial;FALSE;DEV-5371;Firefox;es-PE;Telefonica del Peru;PERU;TRUJILLO;GMT-5;811 S, 7902 O;234;PagoEfectivo;cod 00 -aprobado;Cliente 371;DEBITO; $1.487 ; PE ;BJ;Black;169;NOC;5000; $4.208 ;NO;;;;
40000172;USR-1372;Cliente 372;SSN-90372;cliente372@gmailcom;Aceptado;SNR;1969-01-01;2024-05-07;01:42:36;08:33:36;19023510172;m要il;FALSE;DEV-5372;Safari;es-PE;Claro Peru;PERU;CHICLAYO;GMT-5;677 S, 7984 O;72;Yape;cod-05 rechazado;Cliente 372;DEBITO; $647 ; PE ;SL;Orange;411;NOC;1000; $787 ;NO;;;;
40000173;USR-1373;Cliente 373;SSN-90373;cliente373@gmailcom;Aceptado;GSR;1964-01-01;2026-04-01;01:43:12;08:34:12;19023510173;data center;FALSE;DEV-5373;Chrome;es-PE;Telefonica del Peru;PERU;PIURA;GMT-5;519 S, 8063 O;296;Plin;cod 00 -aprobado;Cliente 373;DEBITO; $895 ; PE ;SL;Gold;411;NOC;2000; $1.542 ;NO;;;;
40000174;USR-1374;Cliente 374;SSN-90374;cliente374@gmailcom;Aceptado;ADL;1993-01-01;2026-10-01;01:43:48;02:01:48;19023510174;m要il;FALSE;DEV-5374;Edge;es-PE;Claro Peru;PERU;CUSCO;GMT-5;1352 S, 7196 O;11;PagoEfectivo;cod-51 fondo insuficiente;Cliente 374;DEBITO; $569 ; PE ;RL;Orange;18;NOC;1000; $794 ;SI;;;;
40000175;USR-1375;Cliente 375;SSN-90375;cliente375@gmailcom;Aceptado;GSR;1964-01-01;2023-05-11;01:44:24;07:59:24;19023510175;residencial;FALSE;DEV-5375;Firefox;es-PE;Telefonica del Peru;PERU;LIMA;GMT-5;1404 S, 77,04 O;14;Yape;cod 00 -aprobado;Cliente 375;DEBITO; $1.422 ; PE ;SL;Black;375;NOC;5000; $4.229 ;NO;;;;
40000176;USR-1376;Cliente 376;SSN-90376;cliente376@gmailcom;Aceptado;ADL;1986-01-01;2025-06-01;01:45:00;03:39:00;19023510176;residencial;FALSE;DEV-5376;Firefox;es-PE;Claro Peru;PERU;AREQUIPA;GMT-5;1640 S, 7153 O;385;Plin;cod 00 -aprobado;Cliente 376;DEBITO; $227 ; PE ;RL;Blue;114;NOC;250; $154 ;SI;;;;
40000177;USR-1377;Cliente 377;SSN-90377;cliente377@gmailcom;Aceptado;SNR;1967-01-01;2023-03-15;01:45:36;06:24:36;19023510177;m要il;FALSE;DEV-5377;Chrome;es-PE;Telefonica del Peru;PERU;TRUJILLO;GMT-5;811 S, 7902 O;118;PagoEfectivo;cod-43 tarjeta robada;Cliente 377;DEBITO; $237 ; PE ;SL;Blue;279;NOC;250; $172 ;SI;;;;
40000178;USR-1378;Cliente 378;SSN-90378;cliente378@gmailcom;Aceptado;GSR;1963-01-01;2024-11-16;01:46:12;05:46:12;19023510178;residencial;FALSE;DEV-5378;Edge;es-PE;Claro Peru;PERU;CHICLAYO;GMT-5;677 S, 7984 O;496;Yape;cod 00 -aprobado;Cliente 378;DEBITO; $627 ; PE ;BJ;Orange;240;NOC;1000; $791 ;SI;;;;
40000179;USR-1379;Cliente 379;SSN-90379;cliente379@gmailcom;Aceptado;SNR;1972-01-01;2026-11-26;01:46:48;08:29:48;19023510179;m要il;FALSE;DEV-5379;Chrome;es-PE;Telefonica del Peru;PERU;PIURA;GMT-5;519 S, 8063 O;306;Plin;cod 00 -aprobado;Cliente 379;DEBITO; $1.297 ; PE ;PK;Black;403;NOC;5000; $4.194 ;NO;;;;
40000180;USR-1380;Cliente 380;SSN-90380;cliente380@gmailcom;No Aceptado;GSR;1964-01-01;2025-08-03;01:47:24;07:43:24;19023510180;residencial;FALSE;DEV-5380;Chrome;es-PE;Claro Peru;PERU;CUSCO;GMT-5;1352 S, 7196 O;203;PagoEfectivo;cod 00 -aprobado;Cliente 380;DEBITO; $199 ; PE ;BJ;Blue;356;NOC;250; $182 ;NO;;;;
40000181;USR-1381;Cliente 381;SSN-90381;cliente381@gmailcom;Aceptado;SNR;1980-01-01;2023-01-03;01:48:00;03:51:00;19023510181;residencial;FALSE;DEV-5381;Chrome;es-PE;Telefonica del Peru;PERU;LIMA;GMT-5;1404 S, 77,04 O;160;Yape;cod-05 rechazado;Cliente 381;DEBITO; $487 ; PE ;SL;Orange;123;NOC;1000; $844 ;SI;;;;
40000182;USR-1382;Cliente 382;SSN-90382;cliente382@gmailcom;Aceptado;ADL;1988-01-01;2025-03-26;01:48:36;07:20:36;19023510182;m要il;FALSE;DEV-5382;Safari;es-PE;Claro Peru;PERU;AREQUIPA;GMT-5;1640 S, 7153 O;216;Plin;cod 00 -aprobado;Cliente 382;DEBITO; $232 ; PE ;RL;Blue;332;NOC;250; $193 ;NO;;;;
40000183;USR-1383;Cliente 383;SSN-90383;cliente383@gmailcom;Aceptado;SNR;1976-01-01;2026-01-27;01:49:12;03:50:12;19023510183;m要il;FALSE;DEV-5383;Safari;es-PE;Telefonica del Peru;PERU;TRUJILLO;GMT-5;811 S, 7902 O;24;PagoEfectivo;cod 00 -aprobado;Cliente 383;DEBITO; $939 ; PE ;RL;Platinum;121;NOC;3500; $2.828 ;NO;;;;
40000184;USR-1384;Cliente 384;SSN-90384;cliente384@gmailcom;Aceptado;SNR;1978-01-01;2026-07-21;01:49:48;03:58:48;19023510184;residencial;FALSE;DEV-5384;Chrome;es-PE;Claro Peru;PERU;CHICLAYO;GMT-5;677 S, 7984 O;303;Yape;cod 00 -aprobado;Cliente 384;DEBITO; $1.101 ; PE ;BJ;Black;129;NOC;5000; $4.185 ;NO;;;;
40000185;USR-1385;Cliente 385;SSN-90385;cliente385@gmailcom;Aceptado;SNR;1971-01-01;2026-03-17;01:50:24;09:20:24;19023510185;residencial;FALSE;DEV-5385;Chrome;es-PE;Telefonica del Peru;PERU;PIURA;GMT-5;519 S, 8063 O;34;Plin;cod 00 -aprobado;Cliente 385;DEBITO; $93 ; PE ;SL;Blue;450;NOC;250; $180 ;NO;;;;
40000186;USR-1386;Cliente 386;SSN-90386;cliente386@gmailcom;No Aceptado;GSR;1966-01-01;2024-09-25;01:51:00;07:02:00;19023510186;residencial;FALSE;DEV-5386;Chrome;es-PE;Claro Peru;PERU;CUSCO;GMT-5;1352 S, 7196 O;196;PagoEfectivo;cod 00 -aprobado;Cliente 386;DEBITO; $1.243 ; PE ;BJ;Black;311;NOC;5000; $4.203 ;NO;;;;
40000187;USR-1387;Cliente 387;SSN-90387;cliente387@gmailcom;Aceptado;SNR;1976-01-01;2026-07-09;01:51:36;04:18:36;19023510187;m要il;FALSE;DEV-5387;Chrome;es-PE;Telefonica del Peru;PERU;LIMA;GMT-5;1404 S, 77,04 O;147;Yape;cod-51 fondo insuficiente;Cliente 387;DEBITO; $1.248 ; PE ;RL;Black;147;NOC;5000; $4.222 ;NO;;;;
40000188;USR-1388;Cliente 388;SSN-90388;cliente388@gmailcom;Aceptado;GSR;1953-01-01;2025-12-08;01:52:12;08:11:12;19023510188;residencial;FALSE;DEV-5388;Chrome;es-PE;Claro Peru;PERU;AREQUIPA;GMT-5;1640 S, 7153 O;396;Plin;cod 00 -aprobado;Cliente 388;DEBITO; $142 ; PE ;SL;Blue;379;NOC;250; $169 ;SI;;;;
40000189;USR-1389;Cliente 389;SSN-90389;cliente389@gmailcom;Aceptado;ADL;1995-01-01;2024-06-10;01:52:48;07:04:48;19023510189;residencial;FALSE;DEV-5389;Chrome;es-PE;Telefonica del Peru;PERU;TRUJILLO;GMT-5;811 S, 7902 O;329;PagoEfectivo;cod 00 -aprobado;Cliente 389;DEBITO; $307 ; PE ;RL;Blue;312;NOC;250; $111 ;SI;;;;
40000190;USR-1390;Cliente 390;SSN-90390;cliente390@gmailcom;No Aceptado;GSR;1957-01-01;2023-12-27;01:53:24;08:10:24;19023510190;residencial;FALSE;DEV-5390;Chrome;es-PE;Claro Peru;PERU;CHICLAYO;GMT-5;677 S, 7984 O;93;Yape;cod-51 fondo insuficiente;Cliente 390;DEBITO; $1.157 ; PE ;PK;Black;377;NOC;5000; $4.234 ;SI;;;;
40000191;USR-1391;Cliente 391;SSN-90391;cliente391@gmailcom;Aceptado;GSR;1962-01-01;2024-11-24;01:54:00;03:02:00;19023510191;m要il;FALSE;DEV-5391;Safari;es-PE;Telefonica del Peru;PERU;PIURA;GMT-5;519 S, 8063 O;471;Plin;cod 00 -aprobado;Cliente 391;DEBITO; $300 ; PE ;PK;Blue;68;NOC;250; $159 ;SI;;;;
40000192;USR-1392;Cliente 392;SSN-90392;cliente392@gmailcom;Aceptado;ADL;1993-01-01;2024-09-24;01:54:36;02:46:36;19023510192;data center;FALSE;DEV-5392;Firefox;es-PE;Claro Peru;PERU;CUSCO;GMT-5;1352 S, 7196 O;35;PagoEfectivo;cod 00 -aprobado;Cliente 392;DEBITO; $1.286 ; PE ;RL;Black;52;NOC;5000; $4.158 ;NO;;;;
40000193;USR-1393;Cliente 393;SSN-90393;cliente393@gmailcom;Aceptado;GSR;1962-01-01;2025-03-25;01:55:12;05:30:12;19023510193;residencial;FALSE;DEV-5393;Chrome;es-PE;Telefonica del Peru;PERU;LIMA;GMT-5;1404 S, 77,04 O;393;Yape;cod 00 -aprobado;Cliente 393;DEBITO; $867 ; PE ;SL;Gold;215;NOC;2000; $1.480 ;NO;;;;
40000194;USR-1394;Cliente 394;SSN-90394;cliente394@gmailcom;No Aceptado;SNR;1976-01-01;2025-04-18;01:55:48;06:25:48;19023510194;residencial;FALSE;DEV-5394;Chrome;es-PE;Claro Peru;PERU;AREQUIPA;GMT-5;1640 S, 7153 O;370;Plin;cod 00 -aprobado;Cliente 394;DEBITO; $1.257 ; PE ;BJ;Black;270;NOC;5000; $4.184 ;NO;;;;
40000195;USR-1395;Cliente 395;SSN-90395;cliente395@gmailcom;No Aceptado;SNR;1968-01-01;2023-04-16;01:56:24;08:05:24;19023510195;residencial;FALSE;DEV-5395;Chrome;es-PE;Telefonica del Peru;PERU;TRUJILLO;GMT-5;811 S, 7902 O;375;PagoEfectivo;cod 00 -aprobado;Cliente 395;DEBITO; $1.010 ; PE ;RL;Platinum;369;NOC;3500; $2.768 ;NO;;;;
40000196;USR-1396;Cliente 396;SSN-90396;cliente396@gmailcom;Aceptado;ADL;1991-01-01;2026-10-05;01:57:00;07:21:00;19023510196;residencial;FALSE;DEV-5396;Chrome;es-PE;Claro Peru;PERU;CHICLAYO;GMT-5;677 S, 7984 O;283;Yape;cod-51 fondo insuficiente;Cliente 396;DEBITO; $728 ; PE ;RL;Gold;324;NOC;2000; $1.464 ;SI;;;;
40000197;USR-1397;Cliente 397;SSN-90397;cliente397@gmailcom;Aceptado;ADL;1990-01-01;2026-04-02;01:57:36;07:07:36;19023510197;m要il;FALSE;DEV-5397;Safari;es-PE;Telefonica del Peru;PERU;PIURA;GMT-5;519 S, 8063 O;115;Plin;cod 00 -aprobado;Cliente 397;DEBITO; $876 ; PE ;SL;Gold;310;NOC;2000; $1.513 ;NO;;;;
40000198;USR-1398;Cliente 398;SSN-90398;cliente398@gmailcom;Aceptado;SNR;1977-01-01;2023-05-18;01:58:12;08:05:12;19023510198;residencial;FALSE;DEV-5398;Chrome;es-PE;Claro Peru;PERU;CUSCO;GMT-5;1352 S, 7196 O;279;PagoEfectivo;cod 00 -aprobado;Cliente 398;DEBITO; $713 ; PE ;SL;Gold;367;NOC;2000; $1.482 ;NO;;;;
40000199;USR-1399;Cliente 399;SSN-90399;cliente399@gmailcom;No Aceptado;ADL;1990-01-01;2026-08-20;01:58:48;07:26:48;19023510199;m要il;FALSE;DEV-5399;Chrome;es-PE;Telefonica del Peru;PERU;LIMA;GMT-5;1404 S, 77,04 O;216;Yape;cod 00 -aprobado;Cliente 399;DEBITO; $1.180 ; PE ;BJ;Black;328;NOC;5000; $4.191 ;NO;;;;
40000200;USR-1400;Cliente 400;SSN-90400;cliente400@gmailcom;Aceptado;GSR;1962-01-01;2023-10-07;01:59:24;02:52:24;19023510200;residencial;FALSE;DEV-5400;Safari;es-PE;Claro Peru;PERU;AREQUIPA;GMT-5;1640 S, 7153 O;135;Plin;cod 00 -aprobado;Cliente 400;DEBITO; $383 ; PE ;RL;Blue;53;NOC;250; $129 ;SI;;;;
VECJ880326001;USR-1401;Cliente 401;SSN-90401;cliente401@gmailcom;Aceptado;ADL;1990-01-01;2025-05-24;02:00:00;06:06:00;187140301;m要il;FALSE;DEV-5401;Edge;es-MX;TELMEX;MEXICO;CDMX;GMT-6;1943 N, 9913 O;224;SPEI;cod 00 -aprobado;Cliente 401;DEBITO; $1.408 ; MX ;PK;Black;246;NOC;5000; $4.233 ;NO;;;;
VECJ880326002;USR-1402;Cliente 402;SSN-90402;cliente402@gmailcom;Aceptado;SNR;1973-01-01;2026-03-14;02:00:36;03:26:36;187140302;residencial;FALSE;DEV-5402;Chrome;es-MX;TOTALPLAY;MEXICO;MONTERREY;GMT-6;2568 N, 10031 O;147;OXXO PAY;cod 00 -aprobado;Cliente 402;PREPAGO; $472 ; MX ;BJ;Orange;86;NOC;1000; $830 ;NO;;;;
VECJ880326003;USR-1403;Cliente 403;SSN-90403;cliente403@gmailcom;Aceptado;ADL;1988-01-01;2025-11-16;02:01:12;02:47:12;187140303;residencial;FALSE;DEV-5403;Firefox;es-MX;TELMEX;MEXICO;GUADALAJARA;GMT-6;2067 N, 103,34 O;258;Mercado Pago;cod 00 -aprobado;Cliente 403;PREPAGO; $65 ; MX ;BJ;Blue;46;NOC;250; $152 ;SI;;;;
VECJ880326004;USR-1404;Cliente 404;SSN-90404;cliente404@gmailcom;Aceptado;GSR;1956-01-01;2023-01-19;02:01:48;06:29:48;187140304;data center;FALSE;DEV-5404;Safari;es-MX;TOTALPLAY;MEXICO;PUEBLA;GMT-6;1904 N, 9820 O;453;SPEI;cod 00 -aprobado;Cliente 404;DEBITO; $744 ; MX ;RL;Gold;268;NOC;2000; $1.501 ;NO;;;;
VECJ880326005;USR-1405;Cliente 405;SSN-90405;cliente405@gmailcom;Aceptado;SNR;1973-01-01;2026-12-17;02:02:24;04:23:24;187140305;residencial;FALSE;DEV-5405;Chrome;es-MX;TELMEX;MEXICO;TOLUCA;GMT-6;1928 N, 9965 O;309;OXXO PAY;cod 00 -aprobado;Cliente 405;PREPAGO; $187 ; MX ;BJ;Blue;141;NOC;250; $106 ;SI;;;;
VECJ880326006;USR-1406;Cliente 406;SSN-90406;cliente406@gmailcom;Aceptado;SNR;1967-01-01;2026-09-06;02:03:00;03:16:00;187140306;m要il;FALSE;DEV-5406;Chrome;es-MX;TOTALPLAY;MEXICO;TIJUANA;GMT-6;3251 N, 11703 O;191;Mercado Pago;cod-05 rechazado;Cliente 406;PREPAGO; $1.498 ; MX ;BJ;Black;73;NOC;5000; $4.190 ;NO;;;;
VECJ880326007;USR-1407;Cliente 407;SSN-90407;cliente407@gmailcom;Aceptado;SNR;1976-01-01;2023-10-17;02:03:36;04:09:36;187140307;residencial;FALSE;DEV-5407;Safari;es-MX;TELMEX;MEXICO;CDMX;GMT-6;1943 N, 9913 O;438;SPEI;cod-51 fondo insuficiente;Cliente 407;DEBITO; $1.356 ; MX ;PK;Black;126;NOC;5000; $4.185 ;NO;;;;
VECJ880326008;USR-1408;Cliente 408;SSN-90408;cliente408@gmailcom;Aceptado;ADL;1996-01-01;2024-02-17;02:04:12;08:05:12;187140308;m要il;FALSE;DEV-5408;Chrome;es-MX;TOTALPLAY;MEXICO;MONTERREY;GMT-6;2568 N, 10031 O;44;OXXO PAY;cod 00 -aprobado;Cliente 408;PREPAGO; $814 ; MX ;PK;Gold;361;NOC;2000; $1.530 ;SI;;;;
VECJ880326009;USR-1409;Cliente 409;SSN-90409;cliente409@gmailcom;Aceptado;ADL;1994-01-01;2026-11-28;02:04:48;02:24:48;187140309;residencial;FALSE;DEV-5409;Chrome;es-MX;TELMEX;MEXICO;GUADALAJARA;GMT-6;2067 N, 103,34 O;335;Mercado Pago;cod 00 -aprobado;Cliente 409;PREPAGO; $1.089 ; MX ;RL;Platinum;20;NOC;3500; $2.784 ;SI;;;;
VECJ880326010;USR-1410;Cliente 410;SSN-90410;cliente410@gmailcom;Aceptado;ADL;1995-01-01;2025-12-28;02:05:24;08:43:24;1871403010;residencial;FALSE;DEV-5410;Safari;es-MX;TOTALPLAY;MEXICO;PUEBLA;GMT-6;1904 N, 9820 O;335;SPEI;cod 00 -aprobado;Cliente 410;DEBITO; $1.461 ; MX ;PK;Black;398;NOC;5000; $4.242 ;NO;;;;
VECJ880326011;USR-1411;Cliente 411;SSN-90411;cliente411@gmailcom;Aceptado;GSR;1959-01-01;2023-10-24;02:06:00;09:43:00;1871403011;m要il;FALSE;DEV-5411;Chrome;es-MX;TELMEX;MEXICO;TOLUCA;GMT-6;1928 N, 9965 O;487;OXXO PAY;cod 00 -aprobado;Cliente 411;PREPAGO; $598 ; MX ;RL;Orange;457;NOC;1000; $756 ;SI;;;;
VECJ880326012;USR-1412;Cliente 412;SSN-90412;cliente412@gmailcom;Aceptado;ADL;1998-01-01;2023-11-03;02:06:36;04:47:36;1871403012;residencial;FALSE;DEV-5412;Chrome;es-MX;TOTALPLAY;MEXICO;TIJUANA;GMT-6;3251 N, 11703 O;137;Mercado Pago;cod 00 -aprobado;Cliente 412;PREPAGO; $1.253 ; MX ;RL;Black;161;NOC;5000; $4.194 ;SI;;;;
VECJ880326013;USR-1413;Cliente 413;SSN-90413;cliente413@gmailcom;Aceptado;GSR;1955-01-01;2025-01-12;02:07:12;05:35:12;1871403013;m要il;FALSE;DEV-5413;Chrome;es-MX;TELMEX;MEXICO;CDMX;GMT-6;1943 N, 9913 O;249;SPEI;cod 00 -aprobado;Cliente 413;DEBITO; $155 ; MX ;SL;Blue;208;NOC;250; $189 ;SI;;;;
VECJ880326014;USR-1414;Cliente 414;SSN-90414;cliente414@gmailcom;Aceptado;SNR;1970-01-01;2025-01-15;02:07:48;08:07:48;1871403014;residencial;FALSE;DEV-5414;Chrome;es-MX;TOTALPLAY;MEXICO;MONTERREY;GMT-6;2568 N, 10031 O;408;OXXO PAY;cod 00 -aprobado;Cliente 414;PREPAGO; $1.177 ; MX ;PK;Black;360;NOC;5000; $4.212 ;NO;;;;
VECJ880326015;USR-1415;Cliente 415;SSN-90415;cliente415@gmailcom;No Aceptado;ADL;1992-01-01;2023-01-11;02:08:24;06:57:24;1871403015;residencial;FALSE;DEV-5415;Chrome;es-MX;TELMEX;MEXICO;GUADALAJARA;GMT-6;2067 N, 103,34 O;129;Mercado Pago;cod-51 fondo insuficiente;Cliente 415;PREPAGO; $632 ; MX ;PK;Orange;289;NOC;1000; $773 ;SI;;;;
VECJ880326016;USR-1416;Cliente 416;SSN-90416;cliente416@gmailcom;Aceptado;GSR;1956-01-01;2023-08-13;02:09:00;07:49:00;1871403016;m要il;FALSE;DEV-5416;Chrome;es-MX;TOTALPLAY;MEXICO;PUEBLA;GMT-6;1904 N, 9820 O;298;SPEI;cod 00 -aprobado;Cliente 416;DEBITO; $101 ; MX ;RL;Blue;340;NOC;250; $145 ;NO;;;;
VECJ880326017;USR-1417;Cliente 417;SSN-90417;cliente417@gmailcom;Aceptado;SNR;1976-01-01;2025-08-17;02:09:36;09:42:36;1871403017;residencial;FALSE;DEV-5417;Chrome;es-MX;TELMEX;MEXICO;TOLUCA;GMT-6;1928 N, 9965 O;110;OXXO PAY;cod 00 -aprobado;Cliente 417;PREPAGO; $873 ; MX ;SL;Gold;453;NOC;2000; $1.491 ;NO;;;;
VECJ880326018;USR-1418;Cliente 418;SSN-90418;cliente418@gmailcom;Aceptado;GSR;1951-01-01;2023-06-10;02:10:12;03:02:12;1871403018;m要il;FALSE;DEV-5418;Safari;es-MX;TOTALPLAY;MEXICO;TIJUANA;GMT-6;3251 N, 11703 O;41;Mercado Pago;cod 00 -aprobado;Cliente 418;PREPAGO; $562 ; MX ;SL;Orange;52;NOC;1000; $808 ;SI;;;;
VECJ880326019;USR-1419;Cliente 419;SSN-90419;cliente419@gmailcom;Aceptado;SNR;1980-01-01;2026-12-23;02:10:48;08:41:48;1871403019;residencial;FALSE;DEV-5419;Chrome;es-MX;TELMEX;MEXICO;CDMX;GMT-6;1943 N, 9913 O;339;SPEI;cod 00 -aprobado;Cliente 419;DEBITO; $289 ; MX ;BJ;Blue;391;NOC;250; $193 ;NO;;;;
VECJ880326020;USR-1420;Cliente 420;SSN-90420;cliente420@gmailcom;Aceptado;ADL;1986-01-01;2024-03-07;02:11:24;05:36:24;1871403020;residencial;FALSE;DEV-5420;Chrome;es-MX;TOTALPLAY;MEXICO;MONTERREY;GMT-6;2568 N, 10031 O;254;OXXO PAY;cod 00 -aprobado;Cliente 420;PREPAGO; $389 ; MX ;PK;Blue;205;NOC;250; $119 ;SI;;;;
VECJ880326021;USR-1421;Cliente 421;SSN-90421;cliente421@gmailcom;Aceptado;SNR;1968-01-01;2023-08-26;02:12:00;07:02:00;1871403021;m要il;FALSE;DEV-5421;Chrome;es-MX;TELMEX;MEXICO;GUADALAJARA;GMT-6;2067 N, 103,34 O;228;Mercado Pago;cod 00 -aprobado;Cliente 421;PREPAGO; $662 ; MX ;SL;Orange;290;NOC;1000; $840 ;SI;;;;
VECJ880326022;USR-1422;Cliente 422;SSN-90422;cliente422@gmailcom;No Aceptado;SNR;1971-01-01;2025-09-19;02:12:36;04:01:36;1871403022;m要il;FALSE;DEV-5422;Firefox;es-MX;TOTALPLAY;MEXICO;PUEBLA;GMT-6;1904 N, 9820 O;150;SPEI;cod 00 -aprobado;Cliente 422;DEBITO; $392 ; MX ;BJ;Blue;109;NOC;250; $164 ;SI;;;;
VECJ880326023;USR-1423;Cliente 423;SSN-90423;cliente423@gmailcom;Aceptado;ADL;1996-01-01;2025-06-11;02:13:12;09:17:12;1871403023;m要il;FALSE;DEV-5423;Edge;es-MX;TELMEX;MEXICO;TOLUCA;GMT-6;1928 N, 9965 O;355;OXXO PAY;cod 00 -aprobado;Cliente 423;PREPAGO; $739 ; MX ;PK;Gold;424;NOC;2000; $1.473 ;NO;;;;
VECJ880326024;USR-1424;Cliente 424;SSN-90424;cliente424@gmailcom;Aceptado;SNR;1982-01-01;2025-03-09;02:13:48;03:13:48;1871403024;residencial;TRUE;DEV-5424;Safari;es-MX;TOTALPLAY;MEXICO;TIJUANA;GMT-6;3251 N, 11703 O;486;Mercado Pago;cod 00 -aprobado;Cliente 424;PREPAGO; $928 ; MX ;SL;Platinum;60;NOC;3500; $2.817 ;NO;;;;
VECJ880326025;USR-1425;Cliente 425;SSN-90425;cliente425@gmailcom;Aceptado;SNR;1980-01-01;2025-04-28;02:14:24;02:53:24;1871403025;m要il;FALSE;DEV-5425;Safari;es-MX;TELMEX;MEXICO;CDMX;GMT-6;1943 N, 9913 O;54;SPEI;cod 00 -aprobado;Cliente 425;DEBITO; $373 ; MX ;PK;Blue;39;NOC;250; $137 ;SI;;;;
VECJ880326026;USR-1426;Cliente 426;SSN-90426;cliente426@gmailcom;Aceptado;SNR;1971-01-01;2024-05-17;02:15:00;09:09:00;1871403026;m要il;FALSE;DEV-5426;Chrome;es-MX;TOTALPLAY;MEXICO;MONTERREY;GMT-6;2568 N, 10031 O;141;OXXO PAY;cod 00 -aprobado;Cliente 426;PREPAGO; $701 ; MX ;BJ;Gold;414;NOC;2000; $1.527 ;NO;;;;
VECJ880326027;USR-1427;Cliente 427;SSN-90427;cliente427@gmailcom;Aceptado;ADL;1986-01-01;2026-06-28;02:15:36;05:18:36;1871403027;m要il;FALSE;DEV-5427;Safari;es-MX;TELMEX;MEXICO;GUADALAJARA;GMT-6;2067 N, 103,34 O;243;Mercado Pago;cod 00 -aprobado;Cliente 427;PREPAGO; $795 ; MX ;RL;Gold;183;NOC;2000; $1.541 ;NO;;;;
VECJ880326028;USR-1428;Cliente 428;SSN-90428;cliente428@gmailcom;No Aceptado;GSR;1950-01-01;2025-08-12;02:16:12;03:22:12;1871403028;m要il;FALSE;DEV-5428;Chrome;es-MX;TOTALPLAY;MEXICO;PUEBLA;GMT-6;1904 N, 9820 O;202;SPEI;cod 00 -aprobado;Cliente 428;DEBITO; $924 ; MX ;BJ;Platinum;66;NOC;3500; $2.765 ;SI;;;;
VECJ880326029;USR-1429;Cliente 429;SSN-90429;cliente429@gmailcom;Aceptado;ADL;1986-01-01;2025-12-27;02:16:48;06:43:48;1871403029;residencial;FALSE;DEV-5429;Chrome;es-MX;TELMEX;MEXICO;TOLUCA;GMT-6;1928 N, 9965 O;263;OXXO PAY;cod 00 -aprobado;Cliente 429;PREPAGO; $1.429 ; MX ;RL;Black;267;NOC;5000; $4.220 ;NO;;;;
VECJ880326030;USR-1430;Cliente 430;SSN-90430;cliente430@gmailcom;No Aceptado;ADL;1988-01-01;2026-08-17;02:17:24;08:41:24;1871403030;residencial;FALSE;DEV-5430;Chrome;es-MX;TOTALPLAY;MEXICO;TIJUANA;GMT-6;3251 N, 11703 O;70;Mercado Pago;cod 00 -aprobado;Cliente 430;PREPAGO; $823 ; MX ;BJ;Gold;384;NOC;2000; $1.482 ;NO;;;;
VECJ880326031;USR-1431;Cliente 431;SSN-90431;cliente431@gmailcom;No Aceptado;SNR;1983-01-01;2026-04-05;02:18:00;05:53:00;1871403031;m要il;FALSE;DEV-5431;Chrome;es-MX;TELMEX;MEXICO;CDMX;GMT-6;1943 N, 9913 O;175;SPEI;cod 00 -aprobado;Cliente 431;DEBITO; $400 ; MX ;PK;Orange;215;NOC;1000; $838 ;SI;;;;
VECJ880326032;USR-1432;Cliente 432;SSN-90432;cliente432@gmailcom;Aceptado;SNR;1984-01-01;2025-09-25;02:18:36;07:01:36;1871403032;m要il;FALSE;DEV-5432;Chrome;es-MX;TOTALPLAY;MEXICO;MONTERREY;GMT-6;2568 N, 10031 O;264;OXXO PAY;cod 00 -aprobado;Cliente 432;PREPAGO; $784 ; MX ;RL;Gold;283;NOC;2000; $1.459 ;NO;;;;
VECJ880326033;USR-1433;Cliente 433;SSN-90433;cliente433@gmailcom;No Aceptado;ADL;1990-01-01;2023-05-16;02:19:12;05:07:12;1871403033;m要il;FALSE;DEV-5433;Chrome;es-MX;TELMEX;MEXICO;GUADALAJARA;GMT-6;2067 N, 103,34 O;498;Mercado Pago;cod 00 -aprobado;Cliente 433;PREPAGO; $690 ; MX ;RL;Orange;168;NOC;1000; $764 ;NO;;;;
VECJ880326034;USR-1434;Cliente 434;SSN-90434;cliente434@gmailcom;Aceptado;ADL;1992-01-01;2024-04-07;02:19:48;07:30:48;1871403034;residencial;FALSE;DEV-5434;Edge;es-MX;TOTALPLAY;MEXICO;PUEBLA;GMT-6;1904 N, 9820 O;315;SPEI;cod 00 -aprobado;Cliente 434;DEBITO; $841 ; MX ;SL;Gold;311;NOC;2000; $1.522 ;SI;;;;
VECJ880326035;USR-1435;Cliente 435;SSN-90435;cliente435@gmailcom;Aceptado;ADL;1986-01-01;2024-12-03;02:20:24;03:16:24;1871403035;m要il;FALSE;DEV-5435;Chrome;es-MX;TELMEX;MEXICO;TOLUCA;GMT-6;1928 N, 9965 O;267;OXXO PAY;cod 00 -aprobado;Cliente 435;PREPAGO; $573 ; MX ;RL;Orange;56;NOC;1000; $760 ;NO;;;;
VECJ880326036;USR-1436;Cliente 436;SSN-90436;cliente436@gmailcom;Aceptado;ADL;1992-01-01;2025-10-06;02:21:00;05:43:00;1871403036;residencial;FALSE;DEV-5436;Chrome;es-MX;TOTALPLAY;MEXICO;TIJUANA;GMT-6;3251 N, 11703 O;407;Mercado Pago;cod 00 -aprobado;Cliente 436;PREPAGO; $609 ; MX ;RL;Orange;202;NOC;1000; $770 ;SI;;;;
VECJ880326037;USR-1437;Cliente 437;SSN-90437;cliente437@gmailcom;Aceptado;SNR;1976-01-01;2023-10-14;02:21:36;05:33:36;1871403037;residencial;FALSE;DEV-5437;Chrome;es-MX;TELMEX;MEXICO;CDMX;GMT-6;1943 N, 9913 O;440;SPEI;cod 00 -aprobado;Cliente 437;DEBITO; $380 ; MX ;SL;Blue;192;NOC;250; $171 ;SI;;;;
VECJ880326038;USR-1438;Cliente 438;SSN-90438;cliente438@gmailcom;Aceptado;GSR;1957-01-01;2024-07-18;02:22:12;04:41:12;1871403038;residencial;FALSE;DEV-5438;Chrome;es-MX;TOTALPLAY;MEXICO;MONTERREY;GMT-6;2568 N, 10031 O;333;OXXO PAY;cod 00 -aprobado;Cliente 438;PREPAGO; $326 ; MX ;SL;Blue;139;NOC;250; $169 ;SI;;;;
VECJ880326039;USR-1439;Cliente 439;SSN-90439;cliente439@gmailcom;No Aceptado;GSR;1955-01-01;2026-12-07;02:22:48;09:03:48;1871403039;residencial;FALSE;DEV-5439;Chrome;es-MX;TELMEX;MEXICO;GUADALAJARA;GMT-6;2067 N, 103,34 O;162;Mercado Pago;cod 00 -aprobado;Cliente 439;PREPAGO; $827 ; MX ;PK;Gold;401;NOC;2000; $1.536 ;NO;;;;
VECJ880326040;USR-1440;Cliente 440;SSN-90440;cliente440@gmailcom;Aceptado;GSR;1950-01-01;2023-09-28;02:23:24;08:13:24;1871403040;residencial;FALSE;DEV-5440;Edge;es-MX;TOTALPLAY;MEXICO;PUEBLA;GMT-6;1904 N, 9820 O;231;SPEI;cod 00 -aprobado;Cliente 440;DEBITO; $635 ; MX ;BJ;Orange;350;NOC;1000; $781 ;SI;;;;
VECJ880326041;USR-1441;Cliente 441;SSN-90441;cliente441@gmailcom;No Aceptado;ADL;1999-01-01;2025-07-15;02:24:00;04:48:00;1871403041;m要il;FALSE;DEV-5441;Safari;es-MX;TELMEX;MEXICO;TOLUCA;GMT-6;1928 N, 9965 O;269;OXXO PAY;cod 00 -aprobado;Cliente 441;PREPAGO; $697 ; MX ;SL;Orange;144;NOC;1000; $845 ;SI;;;;
VECJ880326042;USR-1442;Cliente 442;SSN-90442;cliente442@gmailcom;Aceptado;SNR;1969-01-01;2024-05-24;02:24:36;05:31:36;1871403042;data center;TRUE;DEV-5442;Chrome;es-MX;TOTALPLAY;MEXICO;TIJUANA;GMT-6;3251 N, 11703 O;364;Mercado Pago;cod 00 -aprobado;Cliente 442;PREPAGO; $1.111 ; MX ;RL;Black;187;NOC;5000; $4.164 ;NO;;;;
VECJ880326043;USR-1443;Cliente 443;SSN-90443;cliente443@gmailcom;Aceptado;GSR;1954-01-01;2023-03-25;02:25:12;06:26:12;1871403043;m要il;FALSE;DEV-5443;Safari;es-MX;TELMEX;MEXICO;CDMX;GMT-6;1943 N, 9913 O;199;SPEI;cod 00 -aprobado;Cliente 443;DEBITO; $934 ; MX ;SL;Platinum;241;NOC;3500; $2.796 ;NO;;;;
VECJ880326044;USR-1444;Cliente 444;SSN-90444;cliente444@gmailcom;Aceptado;SNR;1982-01-01;2023-02-08;02:25:48;06:56:48;1871403044;m要il;FALSE;DEV-5444;Safari;es-MX;TOTALPLAY;MEXICO;MONTERREY;GMT-6;2568 N, 10031 O;463;OXXO PAY;cod 00 -aprobado;Cliente 444;PREPAGO; $1.473 ; MX ;RL;Black;271;NOC;5000; $4.232 ;NO;;;;
VECJ880326045;USR-1445;Cliente 445;SSN-90445;cliente445@gmailcom;Aceptado;GSR;1958-01-01;2026-04-25;02:26:24;06:02:24;1871403045;residencial;TRUE;DEV-5445;Safari;es-MX;TELMEX;MEXICO;GUADALAJARA;GMT-6;2067 N, 103,34 O;235;Mercado Pago;cod 00 -aprobado;Cliente 445;PREPAGO; $467 ; MX ;RL;Orange;216;NOC;1000; $756 ;SI;;;;
VECJ880326046;USR-1446;Cliente 446;SSN-90446;cliente446@gmailcom;Aceptado;GSR;1953-01-01;2023-09-14;02:27:00;09:15:00;1871403046;m要il;FALSE;DEV-5446;Chrome;es-MX;TOTALPLAY;MEXICO;PUEBLA;GMT-6;1904 N, 9820 O;168;SPEI;cod 00 -aprobado;Cliente 446;DEBITO; $612 ; MX ;RL;Orange;408;NOC;1000; $824 ;SI;;;;
VECJ880326047;USR-1447;Cliente 447;SSN-90447;cliente447@gmailcom;Aceptado;GSR;1964-01-01;2025-05-18;02:27:36;09:46:36;1871403047;m要il;FALSE;DEV-5447;Safari;es-MX;TELMEX;MEXICO;TOLUCA;GMT-6;1928 N, 9965 O;265;OXXO PAY;cod-51 fondo insuficiente;Cliente 447;PREPAGO; $299 ; MX ;RL;Blue;439;NOC;250; $160 ;SI;;;;
VECJ880326048;USR-1448;Cliente 448;SSN-90448;cliente448@gmailcom;Aceptado;SNR;1984-01-01;2025-10-25;02:28:12;03:09:12;1871403048;residencial;FALSE;DEV-5448;Firefox;es-MX;TOTALPLAY;MEXICO;TIJUANA;GMT-6;3251 N, 11703 O;106;Mercado Pago;cod 00 -aprobado;Cliente 448;PREPAGO; $345 ; MX ;RL;Blue;41;NOC;250; $135 ;SI;;;;
VECJ880326049;USR-1449;Cliente 449;SSN-90449;bot_player01@gmail.com;Aceptado;ADL;1993-01-01;2026-09-19;02:28:48;09:07:48;1871403049;data center;FALSE;DEV-5449;Safari;es-MX;TELMEX;MEXICO;CDMX;GMT-6;1943 N, 9913 O;448;SPEI;cod 00 -aprobado;Cliente 449;DEBITO; $905 ; MX ;SL;Platinum;399;NOC;3500; $2.757 ;SI;;;;
VECJ880326050;USR-1450;Cliente 450;SSN-90450;bot_player02@gmail.com;Aceptado;SNR;1983-01-01;2023-10-05;02:29:24;04:32:24;1871403050;data center;FALSE;DEV-5450;Safari;es-MX;TOTALPLAY;MEXICO;MONTERREY;GMT-6;2568 N, 10031 O;207;OXXO PAY;cod-05 rechazado;Cliente 450;PREPAGO; $1.242 ; MX ;BJ;Black;123;NOC;5000; $4.167 ;SI;;;;
VECJ880326051;USR-1451;Cliente 451;SSN-90451;bot_player03@gmail.com;Aceptado;SNR;1984-01-01;2023-11-01;02:30:00;03:37:00;1871403051;data center;FALSE;DEV-5451;Edge;es-MX;TELMEX;MEXICO;GUADALAJARA;GMT-6;2067 N, 103,34 O;462;Mercado Pago;cod 00 -aprobado;Cliente 451;PREPAGO; $441 ; MX ;PK;Orange;67;NOC;1000; $792 ;SI;;;;
VECJ880326052;USR-1452;Cliente 452;SSN-90452;cliente452@gmailcom;No Aceptado;GSR;1951-01-01;2025-03-22;02:30:36;03:41:36;1871403052;residencial;TRUE;DEV-5452;Safari;es-MX;TOTALPLAY;MEXICO;PUEBLA;GMT-6;1904 N, 9820 O;491;SPEI;cod 00 -aprobado;Cliente 452;DEBITO; $240 ; MX ;SL;Blue;71;NOC;250; $136 ;SI;;;;
VECJ880326053;USR-1453;Cliente 453;SSN-90453;cliente453@gmailcom;Aceptado;GSR;1961-01-01;2024-08-25;02:31:12;04:16:12;1871403053;residencial;FALSE;DEV-5453;Chrome;es-MX;TELMEX;MEXICO;TOLUCA;GMT-6;1928 N, 9965 O;445;OXXO PAY;cod 00 -aprobado;Cliente 453;PREPAGO; $1.183 ; MX ;RL;Black;105;NOC;5000; $4.231 ;SI;;;;
VECJ880326054;USR-1454;Cliente 454;SSN-90454;cliente454@gmailcom;Aceptado;SNR;1980-01-01;2026-09-08;02:31:48;10:20:48;1871403054;data center;FALSE;DEV-5454;Edge;es-MX;TOTALPLAY;MEXICO;TIJUANA;GMT-6;3251 N, 11703 O;149;Mercado Pago;cod 00 -aprobado;Cliente 454;PREPAGO; $1.326 ; MX ;PK;Black;469;NOC;5000; $4.244 ;NO;;;;
VECJ880326055;USR-1455;Cliente 455;SSN-90455;cliente455@gmailcom;Aceptado;SNR;1983-01-01;2023-05-07;02:32:24;02:47:24;1871403055;residencial;FALSE;DEV-5455;Chrome;es-MX;TELMEX;MEXICO;CDMX;GMT-6;1943 N, 9913 O;73;SPEI;cod 00 -aprobado;Cliente 455;DEBITO; $369 ; MX ;BJ;Blue;15;NOC;250; $120 ;SI;;;;
VECJ880326056;USR-1456;Cliente 456;SSN-90456;cliente456@gmailcom;Aceptado;ADL;1986-01-01;2023-02-09;02:33:00;06:17:00;1871403056;residencial;FALSE;DEV-5456;Chrome;es-MX;TOTALPLAY;MEXICO;MONTERREY;GMT-6;2568 N, 10031 O;332;OXXO PAY;cod 00 -aprobado;Cliente 456;PREPAGO; $1.184 ; MX ;PK;Black;224;NOC;5000; $4.198 ;NO;;;;
VECJ880326057;USR-1457;Cliente 457;SSN-90457;cliente457@gmailcom;No Aceptado;SNR;1982-01-01;2025-01-24;02:33:36;09:02:36;1871403057;residencial;FALSE;DEV-5457;Firefox;es-MX;TELMEX;MEXICO;GUADALAJARA;GMT-6;2067 N, 103,34 O;83;Mercado Pago;cod 00 -aprobado;Cliente 457;PREPAGO; $419 ; MX ;SL;Orange;389;NOC;1000; $769 ;NO;;;;
VECJ880326058;USR-1458;Cliente 458;SSN-90458;cliente458@gmailcom;Aceptado;SNR;1974-01-01;2024-12-04;02:34:12;05:01:12;1871403058;residencial;FALSE;DEV-5458;Chrome;es-MX;TOTALPLAY;MEXICO;PUEBLA;GMT-6;1904 N, 9820 O;262;SPEI;cod 00 -aprobado;Cliente 458;DEBITO; $487 ; MX ;SL;Orange;147;NOC;1000; $796 ;NO;;;;
VECJ880326059;USR-1459;Cliente 459;SSN-90459;cliente459@gmailcom;Aceptado;SNR;1985-01-01;2026-06-25;02:34:48;05:09:48;1871403059;residencial;FALSE;DEV-5459;Chrome;es-MX;TELMEX;MEXICO;TOLUCA;GMT-6;1928 N, 9965 O;92;OXXO PAY;cod 00 -aprobado;Cliente 459;PREPAGO; $1.159 ; MX ;SL;Black;155;NOC;5000; $4.220 ;NO;;;;
VECJ880326060;USR-1460;Cliente 460;SSN-90460;cliente460@gmailcom;Aceptado;SNR;1978-01-01;2024-09-28;02:35:24;08:10:24;1871403060;data center;FALSE;DEV-5460;Edge;es-MX;TOTALPLAY;MEXICO;TIJUANA;GMT-6;3251 N, 11703 O;370;Mercado Pago;cod 00 -aprobado;Cliente 460;PREPAGO; $590 ; MX ;RL;Orange;335;NOC;1000; $840 ;SI;;;;
VECJ880326061;USR-1461;Cliente 461;SSN-90461;cliente461@gmailcom;Aceptado;SNR;1985-01-01;2025-07-15;02:36:00;03:41:00;1871403061;m要il;FALSE;DEV-5461;Chrome;es-MX;TELMEX;MEXICO;CDMX;GMT-6;1943 N, 9913 O;67;SPEI;cod 00 -aprobado;Cliente 461;DEBITO; $706 ; MX ;PK;Gold;65;NOC;2000; $1.525 ;SI;;;;
VECJ880326062;USR-1462;Cliente 462;SSN-90462;cliente462@gmailcom;Aceptado;SNR;1982-01-01;2026-08-17;02:36:36;09:05:36;1871403062;residencial;FALSE;DEV-5462;Chrome;es-MX;TOTALPLAY;MEXICO;MONTERREY;GMT-6;2568 N, 10031 O;424;OXXO PAY;cod 00 -aprobado;Cliente 462;PREPAGO; $462 ; MX ;SL;Orange;389;NOC;1000; $762 ;NO;;;;
VECJ880326063;USR-1463;Cliente 463;SSN-90463;cliente463@gmailcom;Aceptado;ADL;1990-01-01;2026-08-23;02:37:12;09:27:12;1871403063;residencial;FALSE;DEV-5463;Chrome;es-MX;TELMEX;MEXICO;GUADALAJARA;GMT-6;2067 N, 103,34 O;316;Mercado Pago;cod 00 -aprobado;Cliente 463;PREPAGO; $1.394 ; MX ;RL;Black;410;NOC;5000; $4.217 ;SI;;;;
VECJ880326064;USR-1464;Cliente 464;SSN-90464;cliente464@gmailcom;Aceptado;SNR;1980-01-01;2023-12-12;02:37:48;09:42:48;1871403064;residencial;FALSE;DEV-5464;Firefox;es-MX;TOTALPLAY;MEXICO;PUEBLA;GMT-6;1904 N, 9820 O;437;SPEI;cod 00 -aprobado;Cliente 464;DEBITO; $806 ; MX ;RL;Gold;425;NOC;2000; $1.507 ;NO;;;;
VECJ880326065;USR-1465;Cliente 465;SSN-90465;cliente465@gmailcom;Aceptado;SNR;1981-01-01;2024-07-15;02:38:24;03:59:24;1871403065;residencial;FALSE;DEV-5465;Chrome;es-MX;TELMEX;MEXICO;TOLUCA;GMT-6;1928 N, 9965 O;311;OXXO PAY;cod-51 fondo insuficiente;Cliente 465;PREPAGO; $133 ; MX ;PK;Blue;81;NOC;250; $128 ;NO;;;;
VECJ880326066;USR-1466;Cliente 466;SSN-90466;cliente466@gmailcom;No Aceptado;GSR;1963-01-01;2025-03-07;02:39:00;05:36:00;1871403066;residencial;FALSE;DEV-5466;Safari;es-MX;TOTALPLAY;MEXICO;TIJUANA;GMT-6;3251 N, 11703 O;408;Mercado Pago;cod 00 -aprobado;Cliente 466;PREPAGO; $1.397 ; MX ;SL;Black;177;NOC;5000; $4.234 ;NO;;;;
VECJ880326067;USR-1467;Cliente 467;SSN-90467;cliente467@gmailcom;Aceptado;ADL;1993-01-01;2025-09-27;02:39:36;10:32:36;1871403067;residencial;FALSE;DEV-5467;Chrome;es-MX;TELMEX;MEXICO;CDMX;GMT-6;1943 N, 9913 O;334;SPEI;cod 00 -aprobado;Cliente 467;DEBITO; $1.459 ; MX ;RL;Black;473;NOC;5000; $4.232 ;NO;;;;
VECJ880326068;USR-1468;Cliente 468;SSN-90468;cliente468@gmailcom;No Aceptado;GSR;1962-01-01;2026-03-19;02:40:12;05:51:12;1871403068;residencial;FALSE;DEV-5468;Safari;es-MX;TOTALPLAY;MEXICO;MONTERREY;GMT-6;2568 N, 10031 O;13;OXXO PAY;cod 00 -aprobado;Cliente 468;PREPAGO; $600 ; MX ;SL;Orange;191;NOC;1000; $756 ;SI;;;;
VECJ880326069;USR-1469;Cliente 469;SSN-90469;cliente469@gmailcom;Aceptado;ADL;1995-01-01;2023-09-06;02:40:48;08:56:48;1871403069;m要il;FALSE;DEV-5469;Safari;es-MX;TELMEX;MEXICO;GUADALAJARA;GMT-6;2067 N, 103,34 O;168;Mercado Pago;cod 00 -aprobado;Cliente 469;PREPAGO; $19 ; MX ;RL;Blue;376;NOC;250; $169 ;SI;;;;
VECJ880326070;USR-1470;Cliente 470;SSN-90470;cliente470@gmailcom;No Aceptado;SNR;1978-01-01;2023-12-10;02:41:24;07:21:24;1871403070;residencial;FALSE;DEV-5470;Chrome;es-MX;TOTALPLAY;MEXICO;PUEBLA;GMT-6;1904 N, 9820 O;128;SPEI;cod 00 -aprobado;Cliente 470;DEBITO; $1.490 ; MX ;SL;Black;280;NOC;5000; $4.212 ;SI;;;;
VECJ880326071;USR-1471;Cliente 471;SSN-90471;cliente471@gmailcom;Aceptado;ADL;1997-01-01;2025-04-14;02:42:00;03:39:00;1871403071;residencial;TRUE;DEV-5471;Chrome;es-MX;TELMEX;MEXICO;TOLUCA;GMT-6;1928 N, 9965 O;193;OXXO PAY;cod 00 -aprobado;Cliente 471;PREPAGO; $1.281 ; MX ;BJ;Black;57;NOC;5000; $4.207 ;NO;;;;
VECJ880326072;USR-1472;Cliente 472;SSN-90472;cliente472@gmailcom;Aceptado;GSR;1957-01-01;2024-11-13;02:42:36;08:50:36;1871403072;data center;FALSE;DEV-5472;Edge;es-MX;TOTALPLAY;MEXICO;TIJUANA;GMT-6;3251 N, 11703 O;65;Mercado Pago;cod 00 -aprobado;Cliente 472;PREPAGO; $911 ; MX ;SL;Platinum;368;NOC;3500; $2.818 ;NO;;;;
VECJ880326073;USR-1473;Cliente 473;SSN-90473;cliente473@gmailcom;Aceptado;ADL;1992-01-01;2026-11-20;02:43:12;06:18:12;1871403073;residencial;FALSE;DEV-5473;Safari;es-MX;TELMEX;MEXICO;CDMX;GMT-6;1943 N, 9913 O;370;SPEI;cod 00 -aprobado;Cliente 473;DEBITO; $253 ; MX ;SL;Blue;215;NOC;250; $131 ;SI;;;;
VECJ880326074;USR-1474;Cliente 474;SSN-90474;cliente474@gmailcom;Aceptado;SNR;1981-01-01;2024-12-08;02:43:48;06:52:48;1871403074;residencial;FALSE;DEV-5474;Safari;es-MX;TOTALPLAY;MEXICO;MONTERREY;GMT-6;2568 N, 10031 O;343;OXXO PAY;cod-43 tarjeta robada;Cliente 474;PREPAGO; $312 ; MX ;SL;Blue;249;NOC;250; $143 ;SI;;;;
VECJ880326075;USR-1475;Cliente 475;SSN-90475;cliente475@gmailcom;Aceptado;GSR;1957-01-01;2024-09-28;02:44:24;09:59:24;1871403075;residencial;FALSE;DEV-5475;Firefox;es-MX;TELMEX;MEXICO;GUADALAJARA;GMT-6;2067 N, 103,34 O;226;Mercado Pago;cod 00 -aprobado;Cliente 475;PREPAGO; $771 ; MX ;RL;Gold;435;NOC;2000; $1.527 ;NO;;;;
VECJ880326076;USR-1476;Cliente 476;SSN-90476;cliente476@gmailcom;Aceptado;GSR;1961-01-01;2024-12-27;02:45:00;03:37:00;1871403076;residencial;TRUE;DEV-5476;Chrome;es-MX;TOTALPLAY;MEXICO;PUEBLA;GMT-6;1904 N, 9820 O;372;SPEI;cod-51 fondo insuficiente;Cliente 476;DEBITO; $641 ; MX ;RL;Orange;52;NOC;1000; $830 ;SI;;;;
VECJ880326077;USR-1477;Cliente 477;SSN-90477;cliente477@gmailcom;Aceptado;GSR;1960-01-01;2024-09-08;02:45:36;10:31:36;1871403077;data center;FALSE;DEV-5477;Chrome;es-MX;TELMEX;MEXICO;TOLUCA;GMT-6;1928 N, 9965 O;290;OXXO PAY;cod 00 -aprobado;Cliente 477;PREPAGO; $740 ; MX ;BJ;Gold;466;NOC;2000; $1.517 ;SI;;;;
VECJ880326078;USR-1478;Cliente 478;SSN-90478;cliente478@gmailcom;Aceptado;SNR;1978-01-01;2025-01-26;02:46:12;06:55:12;1871403078;m要il;FALSE;DEV-5478;Safari;es-MX;TOTALPLAY;MEXICO;TIJUANA;GMT-6;3251 N, 11703 O;167;Mercado Pago;cod 00 -aprobado;Cliente 478;PREPAGO; $762 ; MX ;BJ;Gold;249;NOC;2000; $1.495 ;NO;;;;
VECJ880326079;USR-1479;Cliente 479;SSN-90479;cliente479@gmailcom;Aceptado;ADL;1988-01-01;2024-09-18;02:46:48;09:15:48;1871403079;residencial;FALSE;DEV-5479;Chrome;es-MX;TELMEX;MEXICO;CDMX;GMT-6;1943 N, 9913 O;43;SPEI;cod 00 -aprobado;Cliente 479;DEBITO; $678 ; MX ;RL;Orange;389;NOC;1000; $800 ;SI;;;;
VECJ880326080;USR-1480;Cliente 480;SSN-90480;cliente480@gmailcom;Aceptado;GSR;1960-01-01;2023-04-19;02:47:24;06:38:24;1871403080;residencial;FALSE;DEV-5480;Safari;es-MX;TOTALPLAY;MEXICO;MONTERREY;GMT-6;2568 N, 10031 O;321;OXXO PAY;cod-51 fondo insuficiente;Cliente 480;PREPAGO; $740 ; MX ;SL;Gold;231;NOC;2000; $1.458 ;NO;;;;
VECJ880326081;USR-1481;Cliente 481;SSN-90481;cliente481@gmailcom;Aceptado;SNR;1969-01-01;2024-08-17;02:48:00;08:44:00;1871403081;residencial;FALSE;DEV-5481;Chrome;es-MX;TELMEX;MEXICO;GUADALAJARA;GMT-6;2067 N, 103,34 O;173;Mercado Pago;cod 00 -aprobado;Cliente 481;PREPAGO; $1.320 ; MX ;SL;Black;356;NOC;5000; $4.218 ;NO;;;;
VECJ880326082;USR-1482;Cliente 482;SSN-90482;cliente482@gmailcom;Aceptado;SNR;1978-01-01;2025-10-20;02:48:36;07:32:36;1871403082;m要il;FALSE;DEV-5482;Chrome;es-MX;TOTALPLAY;MEXICO;PUEBLA;GMT-6;1904 N, 9820 O;214;SPEI;cod 00 -aprobado;Cliente 482;DEBITO; $1.047 ; MX ;BJ;Platinum;284;NOC;3500; $2.759 ;SI;;;;
VECJ880326083;USR-1483;Cliente 483;SSN-90483;cliente483@gmailcom;Aceptado;ADL;1998-01-01;2024-11-02;02:49:12;09:35:12;1871403083;residencial;FALSE;DEV-5483;Chrome;es-MX;TELMEX;MEXICO;TOLUCA;GMT-6;1928 N, 9965 O;185;OXXO PAY;cod 00 -aprobado;Cliente 483;PREPAGO; $923 ; MX ;RL;Platinum;406;NOC;3500; $2.769 ;SI;;;;
VECJ880326084;USR-1484;Cliente 484;SSN-90484;cliente484@gmailcom;No Aceptado;SNR;1984-01-01;2023-09-01;02:49:48;09:22:48;1871403084;residencial;TRUE;DEV-5484;Safari;es-MX;TOTALPLAY;MEXICO;TIJUANA;GMT-6;3251 N, 11703 O;433;Mercado Pago;cod-43 tarjeta robada;Cliente 484;PREPAGO; $911 ; MX ;SL;Platinum;393;NOC;3500; $2.759 ;NO;;;;
VECJ880326085;USR-1485;Cliente 485;SSN-90485;cliente485@gmailcom;Aceptado;SNR;1977-01-01;2025-12-02;02:50:24;08:07:24;1871403085;m要il;FALSE;DEV-5485;Safari;es-MX;TELMEX;MEXICO;CDMX;GMT-6;1943 N, 9913 O;188;SPEI;cod 00 -aprobado;Cliente 485;DEBITO; $140 ; MX ;SL;Blue;317;NOC;250; $109 ;SI;;;;
VECJ880326086;USR-1486;Cliente 486;SSN-90486;cliente486@gmailcom;Aceptado;ADL;1995-01-01;2026-08-28;02:51:00;10:31:00;1871403086;residencial;TRUE;DEV-5486;Chrome;es-MX;TOTALPLAY;MEXICO;MONTERREY;GMT-6;2568 N, 10031 O;158;OXXO PAY;cod 00 -aprobado;Cliente 486;PREPAGO; $802 ; MX ;PK;Gold;460;NOC;2000; $1.468 ;NO;;;;
VECJ880326087;USR-1487;Cliente 487;SSN-90487;cliente487@gmailcom;Aceptado;SNR;1979-01-01;2026-10-18;02:51:36;08:19:36;1871403087;residencial;FALSE;DEV-5487;Safari;es-MX;TELMEX;MEXICO;GUADALAJARA;GMT-6;2067 N, 103,34 O;447;Mercado Pago;cod-51 fondo insuficiente;Cliente 487;PREPAGO; $550 ; MX ;SL;Orange;328;NOC;1000; $769 ;SI;;;;
VECJ880326088;USR-1488;Cliente 488;SSN-90488;cliente488@gmailcom;Aceptado;GSR;1953-01-01;2023-04-21;02:52:12;08:58:12;1871403088;residencial;FALSE;DEV-5488;Safari;es-MX;TOTALPLAY;MEXICO;PUEBLA;GMT-6;1904 N, 9820 O;421;SPEI;cod 00 -aprobado;Cliente 488;DEBITO; $1.245 ; MX ;PK;Black;366;NOC;5000; $4.174 ;NO;;;;
VECJ880326089;USR-1489;Cliente 489;SSN-90489;cliente489@gmailcom;Aceptado;GSR;1964-01-01;2023-04-04;02:52:48;08:32:48;1871403089;residencial;FALSE;DEV-5489;Firefox;es-MX;TELMEX;MEXICO;TOLUCA;GMT-6;1928 N, 9965 O;445;OXXO PAY;cod 00 -aprobado;Cliente 489;PREPAGO; $1.104 ; MX ;SL;Black;340;NOC;5000; $4.155 ;NO;;;;
VECJ880326090;USR-1490;Cliente 490;SSN-90490;cliente490@gmailcom;Aceptado;SNR;1978-01-01;2024-09-06;02:53:24;08:26:24;1871403090;residencial;FALSE;DEV-5490;Chrome;es-MX;TOTALPLAY;MEXICO;TIJUANA;GMT-6;3251 N, 11703 O;132;Mercado Pago;cod 00 -aprobado;Cliente 490;PREPAGO; $1.203 ; MX ;BJ;Black;333;NOC;5000; $4.192 ;SI;;;;
VECJ880326091;USR-1491;Cliente 491;SSN-90491;cliente491@gmailcom;No Aceptado;GSR;1951-01-01;2023-03-17;02:54:00;10:24:00;1871403091;residencial;FALSE;DEV-5491;Firefox;es-MX;TELMEX;MEXICO;CDMX;GMT-6;1943 N, 9913 O;452;SPEI;cod 00 -aprobado;Cliente 491;DEBITO; $297 ; MX ;RL;Blue;450;NOC;250; $166 ;SI;;;;
VECJ880326092;USR-1492;Cliente 492;SSN-90492;cliente492@gmailcom;No Aceptado;GSR;1960-01-01;2024-11-24;02:54:36;06:14:36;1871403092;residencial;FALSE;DEV-5492;Safari;es-MX;TOTALPLAY;MEXICO;MONTERREY;GMT-6;2568 N, 10031 O;182;OXXO PAY;cod 00 -aprobado;Cliente 492;PREPAGO; $1.254 ; MX ;BJ;Black;200;NOC;5000; $4.217 ;NO;;;;
VECJ880326093;USR-1493;Cliente 493;SSN-90493;cliente493@gmailcom;Aceptado;ADL;1997-01-01;2026-02-04;02:55:12;09:39:12;1871403093;m要il;FALSE;DEV-5493;Safari;es-MX;TELMEX;MEXICO;GUADALAJARA;GMT-6;2067 N, 103,34 O;102;Mercado Pago;cod-51 fondo insuficiente;Cliente 493;PREPAGO; $147 ; MX ;PK;Blue;404;NOC;250; $159 ;SI;;;;
VECJ880326094;USR-1494;Cliente 494;SSN-90494;cliente494@gmailcom;Aceptado;GSR;1962-01-01;2026-12-14;02:55:48;03:05:48;1871403094;m要il;FALSE;DEV-5494;Edge;es-MX;TOTALPLAY;MEXICO;PUEBLA;GMT-6;1904 N, 9820 O;167;SPEI;cod-05 rechazado;Cliente 494;DEBITO; $988 ; MX ;BJ;Platinum;10;NOC;3500; $2.767 ;NO;;;;
VECJ880326095;USR-1495;Cliente 495;SSN-90495;cliente495@gmailcom;Aceptado;SNR;1969-01-01;2025-06-07;02:56:24;06:29:24;1871403095;residencial;FALSE;DEV-5495;Firefox;es-MX;TELMEX;MEXICO;TOLUCA;GMT-6;1928 N, 9965 O;72;OXXO PAY;cod 00 -aprobado;Cliente 495;PREPAGO; $829 ; MX ;PK;Gold;213;NOC;2000; $1.468 ;NO;;;;
VECJ880326096;USR-1496;Cliente 496;SSN-90496;cliente496@gmailcom;Aceptado;ADL;1995-01-01;2026-02-24;02:57:00;06:29:00;1871403096;m要il;FALSE;DEV-5496;Chrome;es-MX;TOTALPLAY;MEXICO;TIJUANA;GMT-6;3251 N, 11703 O;180;Mercado Pago;cod 00 -aprobado;Cliente 496;PREPAGO; $571 ; MX ;RL;Orange;212;NOC;1000; $762 ;SI;;;;
VECJ880326097;USR-1497;Cliente 497;SSN-90497;cliente497@gmailcom;Aceptado;GSR;1953-01-01;2026-06-17;02:57:36;08:24:36;1871403097;m要il;FALSE;DEV-5497;Chrome;es-MX;TELMEX;MEXICO;CDMX;GMT-6;1943 N, 9913 O;28;SPEI;cod 00 -aprobado;Cliente 497;DEBITO; $149 ; MX ;RL;Blue;327;NOC;250; $178 ;SI;;;;
VECJ880326098;USR-1498;Cliente 498;SSN-90498;cliente498@gmailcom;Aceptado;ADL;1988-01-01;2024-03-22;02:58:12;05:53:12;1871403098;residencial;FALSE;DEV-5498;Safari;es-MX;TOTALPLAY;MEXICO;MONTERREY;GMT-6;2568 N, 10031 O;223;OXXO PAY;cod 00 -aprobado;Cliente 498;PREPAGO; $1.134 ; MX ;RL;Black;175;NOC;5000; $4.216 ;SI;;;;
VECJ880326099;USR-1499;Cliente 499;SSN-90499;cliente499@gmailcom;Aceptado;ADL;1998-01-01;2025-09-27;02:58:48;04:42:48;1871403099;residencial;FALSE;DEV-5499;Safari;es-MX;TELMEX;MEXICO;GUADALAJARA;GMT-6;2067 N, 103,34 O;135;Mercado Pago;cod 00 -aprobado;Cliente 499;PREPAGO; $1.280 ; MX ;BJ;Black;104;NOC;5000; $4.223 ;NO;;;;
VECJ880326100;USR-1500;Cliente 500;SSN-90500;cliente500@gmailcom;No Aceptado;ADL;1995-01-01;2025-12-04;02:59:24;06:54:24;18714030100;residencial;FALSE;DEV-5500;Chrome;es-MX;TOTALPLAY;MEXICO;PUEBLA;GMT-6;1904 N, 9820 O;306;SPEI;cod 00 -aprobado;Cliente 500;DEBITO; $765 ; MX ;RL;Gold;235;NOC;2000; $1.480 ;NO;;;;
VECJ880326101;USR-1501;Cliente 501;SSN-90501;cliente501@gmailcom;No Aceptado;GSR;1950-01-01;2024-09-07;03:00:00;10:23:00;18714030101;residencial;FALSE;DEV-5501;Safari;es-MX;TELMEX;MEXICO;TOLUCA;GMT-6;1928 N, 9965 O;284;OXXO PAY;cod 00 -aprobado;Cliente 501;PREPAGO; $1.475 ; MX ;PK;Black;443;NOC;5000; $4.162 ;NO;;;;
VECJ880326102;USR-1502;Cliente 502;SSN-90502;cliente502@gmailcom;Aceptado;SNR;1971-01-01;2024-10-08;03:00:36;03:54:36;18714030102;m要il;FALSE;DEV-5502;Chrome;es-MX;TOTALPLAY;MEXICO;TIJUANA;GMT-6;3251 N, 11703 O;432;Mercado Pago;cod 00 -aprobado;Cliente 502;PREPAGO; $1.478 ; MX ;BJ;Black;54;NOC;5000; $4.190 ;NO;;;;
VECJ880326103;USR-1503;Cliente 503;SSN-90503;cliente503@gmailcom;Aceptado;ADL;1994-01-01;2024-08-26;03:01:12;10:30:12;18714030103;residencial;FALSE;DEV-5503;Chrome;es-MX;TELMEX;MEXICO;CDMX;GMT-6;1943 N, 9913 O;37;SPEI;cod 00 -aprobado;Cliente 503;DEBITO; $214 ; MX ;BJ;Blue;449;NOC;250; $107 ;NO;;;;
VECJ880326104;USR-1504;Cliente 504;SSN-90504;cliente504@gmailcom;Aceptado;ADL;1989-01-01;2026-08-19;03:01:48;10:29:48;18714030104;m要il;FALSE;DEV-5504;Firefox;es-MX;TOTALPLAY;MEXICO;MONTERREY;GMT-6;2568 N, 10031 O;155;OXXO PAY;cod 00 -aprobado;Cliente 504;PREPAGO; $70 ; MX ;SL;Blue;448;NOC;250; $163 ;SI;;;;
VECJ880326105;USR-1505;Cliente 505;SSN-90505;cliente505@gmailcom;Aceptado;GSR;1950-01-01;2025-04-22;03:02:24;09:47:24;18714030105;data center;FALSE;DEV-5505;Safari;es-MX;TELMEX;MEXICO;GUADALAJARA;GMT-6;2067 N, 103,34 O;312;Mercado Pago;cod 00 -aprobado;Cliente 505;PREPAGO; $572 ; MX ;BJ;Orange;405;NOC;1000; $766 ;SI;;;;
VECJ880326106;USR-1506;Cliente 506;SSN-90506;cliente506@gmailcom;Aceptado;SNR;1979-01-01;2023-03-12;03:03:00;10:27:00;18714030106;m要il;FALSE;DEV-5506;Firefox;es-MX;TOTALPLAY;MEXICO;PUEBLA;GMT-6;1904 N, 9820 O;270;SPEI;cod 00 -aprobado;Cliente 506;DEBITO; $345 ; MX ;RL;Blue;444;NOC;250; $119 ;SI;;;;
VECJ880326107;USR-1507;Cliente 507;SSN-90507;cliente507@gmailcom;Aceptado;GSR;1960-01-01;2023-02-18;03:03:36;04:13:36;18714030107;m要il;FALSE;DEV-5507;Chrome;es-MX;TELMEX;MEXICO;TOLUCA;GMT-6;1928 N, 9965 O;359;OXXO PAY;cod 00 -aprobado;Cliente 507;PREPAGO; $852 ; MX ;RL;Gold;70;NOC;2000; $1.485 ;NO;;;;
VECJ880326108;USR-1508;Cliente 508;SSN-90508;cliente508@gmailcom;Aceptado;SNR;1985-01-01;2025-10-12;03:04:12;07:08:12;18714030108;residencial;FALSE;DEV-5508;Chrome;es-MX;TOTALPLAY;MEXICO;TIJUANA;GMT-6;3251 N, 11703 O;401;Mercado Pago;cod 00 -aprobado;Cliente 508;PREPAGO; $574 ; MX ;SL;Orange;244;NOC;1000; $830 ;SI;;;;
VECJ880326109;USR-1509;Cliente 509;SSN-90509;cliente509@gmailcom;Aceptado;GSR;1951-01-01;2024-11-20;03:04:48;04:00:48;18714030109;m要il;FALSE;DEV-5509;Firefox;es-MX;TELMEX;MEXICO;CDMX;GMT-6;1943 N, 9913 O;418;SPEI;cod-05 rechazado;Cliente 509;DEBITO; $786 ; MX ;RL;Gold;56;NOC;2000; $1.479 ;NO;;;;
VECJ880326110;USR-1510;Cliente 510;SSN-90510;cliente510@gmailcom;Aceptado;SNR;1982-01-01;2025-06-10;03:05:24;03:18:24;18714030110;residencial;FALSE;DEV-5510;Safari;es-MX;TOTALPLAY;MEXICO;MONTERREY;GMT-6;2568 N, 10031 O;98;OXXO PAY;cod 00 -aprobado;Cliente 510;PREPAGO; $501 ; MX ;SL;Orange;13;NOC;1000; $791 ;NO;;;;
VECJ880326111;USR-1511;Cliente 511;SSN-90511;cliente511@gmailcom;Aceptado;GSR;1964-01-01;2024-10-25;03:06:00;08:02:00;18714030111;m要il;FALSE;DEV-5511;Edge;es-MX;TELMEX;MEXICO;GUADALAJARA;GMT-6;2067 N, 103,34 O;494;Mercado Pago;cod-51 fondo insuficiente;Cliente 511;PREPAGO; $1.365 ; MX ;PK;Black;296;NOC;5000; $4.232 ;NO;;;;
VECJ880326112;USR-1512;Cliente 512;SSN-90512;cliente512@gmailcom;Aceptado;GSR;1963-01-01;2023-09-20;03:06:36;10:50:36;18714030112;residencial;FALSE;DEV-5512;Edge;es-MX;TOTALPLAY;MEXICO;PUEBLA;GMT-6;1904 N, 9820 O;338;SPEI;cod-51 fondo insuficiente;Cliente 512;DEBITO; $527 ; MX ;PK;Orange;464;NOC;1000; $826 ;SI;;;;
VECJ880326113;USR-1513;Cliente 513;SSN-90513;cliente513@gmailcom;Aceptado;GSR;1959-01-01;2025-08-15;03:07:12;09:07:12;18714030113;residencial;FALSE;DEV-5513;Chrome;es-MX;TELMEX;MEXICO;TOLUCA;GMT-6;1928 N, 9965 O;199;OXXO PAY;cod 00 -aprobado;Cliente 513;PREPAGO; $769 ; MX ;SL;Gold;360;NOC;2000; $1.491 ;NO;;;;
VECJ880326114;USR-1514;Cliente 514;SSN-90514;cliente514@gmailcom;Aceptado;SNR;1969-01-01;2026-02-15;03:07:48;07:06:48;18714030114;data center;FALSE;DEV-5514;Edge;es-MX;TOTALPLAY;MEXICO;TIJUANA;GMT-6;3251 N, 11703 O;177;Mercado Pago;cod-51 fondo insuficiente;Cliente 514;PREPAGO; $179 ; MX ;RL;Blue;239;NOC;250; $135 ;SI;;;;
VECJ880326115;USR-1515;Cliente 515;SSN-90515;cliente515@gmailcom;No Aceptado;SNR;1969-01-01;2024-10-02;03:08:24;07:16:24;18714030115;m要il;FALSE;DEV-5515;Chrome;es-MX;TELMEX;MEXICO;CDMX;GMT-6;1943 N, 9913 O;78;SPEI;cod 00 -aprobado;Cliente 515;DEBITO; $1.282 ; MX ;SL;Black;248;NOC;5000; $4.227 ;NO;;;;
VECJ880326116;USR-1516;Cliente 516;SSN-90516;cliente516@gmailcom;Aceptado;ADL;1987-01-01;2024-02-04;03:09:00;07:35:00;18714030116;residencial;FALSE;DEV-5516;Chrome;es-MX;TOTALPLAY;MEXICO;MONTERREY;GMT-6;2568 N, 10031 O;185;OXXO PAY;cod 00 -aprobado;Cliente 516;PREPAGO; $893 ; MX ;BJ;Gold;266;NOC;2000; $1.514 ;NO;;;;
VECJ880326117;USR-1517;Cliente 517;SSN-90517;cliente517@gmailcom;Aceptado;GSR;1952-01-01;2024-11-10;03:09:36;08:54:36;18714030117;residencial;FALSE;DEV-5517;Safari;es-MX;TELMEX;MEXICO;GUADALAJARA;GMT-6;2067 N, 103,34 O;286;Mercado Pago;cod-51 fondo insuficiente;Cliente 517;PREPAGO; $143 ; MX ;BJ;Blue;345;NOC;250; $140 ;SI;;;;
VECJ880326118;USR-1518;Cliente 518;SSN-90518;cliente518@gmailcom;Aceptado;SNR;1968-01-01;2024-08-04;03:10:12;07:23:12;18714030118;residencial;FALSE;DEV-5518;Chrome;es-MX;TOTALPLAY;MEXICO;PUEBLA;GMT-6;1904 N, 9820 O;272;SPEI;cod-51 fondo insuficiente;Cliente 518;DEBITO; $109 ; MX ;PK;Blue;253;NOC;250; $195 ;SI;;;;
VECJ880326119;USR-1519;Cliente 519;SSN-90519;cliente519@gmailcom;Aceptado;SNR;1977-01-01;2024-08-22;03:10:48;08:55:48;18714030119;residencial;FALSE;DEV-5519;Safari;es-MX;TELMEX;MEXICO;TOLUCA;GMT-6;1928 N, 9965 O;65;OXXO PAY;cod 00 -aprobado;Cliente 519;PREPAGO; $1.358 ; MX ;BJ;Black;345;NOC;5000; $4.162 ;NO;;;;
VECJ880326120;USR-1520;Cliente 520;SSN-90520;cliente520@gmailcom;Aceptado;ADL;1992-01-01;2023-06-13;03:11:24;07:45:24;18714030120;data center;TRUE;DEV-5520;Chrome;es-MX;TOTALPLAY;MEXICO;TIJUANA;GMT-6;3251 N, 11703 O;177;Mercado Pago;cod 00 -aprobado;Cliente 520;PREPAGO; $1.289 ; MX ;SL;Black;274;NOC;5000; $4.159 ;NO;;;;
VECJ880326121;USR-1521;Cliente 521;SSN-90521;cliente521@gmailcom;Aceptado;SNR;1985-01-01;2026-05-10;03:12:00;03:33:00;18714030121;residencial;TRUE;DEV-5521;Safari;es-MX;TELMEX;MEXICO;CDMX;GMT-6;1943 N, 9913 O;16;SPEI;cod 00 -aprobado;Cliente 521;DEBITO; $1.219 ; MX ;SL;Black;21;NOC;5000; $4.174 ;NO;;;;
VECJ880326122;USR-1522;Cliente 522;SSN-90522;cliente522@gmailcom;Aceptado;ADL;1986-01-01;2025-01-11;03:12:36;07:09:36;18714030122;residencial;FALSE;DEV-5522;Safari;es-MX;TOTALPLAY;MEXICO;MONTERREY;GMT-6;2568 N, 10031 O;349;OXXO PAY;cod 00 -aprobado;Cliente 522;PREPAGO; $1.422 ; MX ;BJ;Black;237;NOC;5000; $4.179 ;NO;;;;
VECJ880326123;USR-1523;Cliente 523;SSN-90523;cliente523@gmailcom;Aceptado;ADL;1988-01-01;2026-12-11;03:13:12;09:20:12;18714030123;residencial;FALSE;DEV-5523;Safari;es-MX;TELMEX;MEXICO;GUADALAJARA;GMT-6;2067 N, 103,34 O;493;Mercado Pago;cod 00 -aprobado;Cliente 523;PREPAGO; $112 ; MX ;BJ;Blue;367;NOC;250; $175 ;SI;;;;
VECJ880326124;USR-1524;Cliente 524;SSN-90524;cliente524@gmailcom;Aceptado;ADL;1996-01-01;2024-09-23;03:13:48;04:09:48;18714030124;m要il;FALSE;DEV-5524;Safari;es-MX;TOTALPLAY;MEXICO;PUEBLA;GMT-6;1904 N, 9820 O;58;SPEI;cod 00 -aprobado;Cliente 524;DEBITO; $721 ; MX ;SL;Gold;56;NOC;2000; $1.500 ;NO;;;;
VECJ880326125;USR-1525;Cliente 525;SSN-90525;cliente525@gmailcom;Aceptado;ADL;1998-01-01;2024-04-24;03:14:24;10:16:24;18714030125;residencial;FALSE;DEV-5525;Chrome;es-MX;TELMEX;MEXICO;TOLUCA;GMT-6;1928 N, 9965 O;318;OXXO PAY;cod 00 -aprobado;Cliente 525;PREPAGO; $233 ; MX ;BJ;Blue;422;NOC;250; $118 ;SI;;;;
VECJ880326126;USR-1526;Cliente 526;SSN-90526;cliente526@gmailcom;Aceptado;SNR;1972-01-01;2026-06-06;03:15:00;07:00:00;18714030126;residencial;FALSE;DEV-5526;Safari;es-MX;TOTALPLAY;MEXICO;TIJUANA;GMT-6;3251 N, 11703 O;5;Mercado Pago;cod 00 -aprobado;Cliente 526;PREPAGO; $492 ; MX ;BJ;Orange;225;NOC;1000; $821 ;SI;;;;
VECJ880326127;USR-1527;Cliente 527;SSN-90527;cliente527@gmailcom;Aceptado;ADL;1998-01-01;2026-04-10;03:15:36;08:51:36;18714030127;residencial;FALSE;DEV-5527;Chrome;es-MX;TELMEX;MEXICO;CDMX;GMT-6;1943 N, 9913 O;487;SPEI;cod 00 -aprobado;Cliente 527;DEBITO; $1.431 ; MX ;SL;Black;336;NOC;5000; $4.166 ;SI;;;;
VECJ880326128;USR-1528;Cliente 528;SSN-90528;cliente528@gmailcom;Aceptado;SNR;1977-01-01;2023-06-17;03:16:12;06:42:12;18714030128;residencial;FALSE;DEV-5528;Safari;es-MX;TOTALPLAY;MEXICO;MONTERREY;GMT-6;2568 N, 10031 O;180;OXXO PAY;cod 00 -aprobado;Cliente 528;PREPAGO; $701 ; MX ;PK;Gold;206;NOC;2000; $1.541 ;NO;;;;
VECJ880326129;USR-1529;Cliente 529;SSN-90529;cliente529@gmailcom;Aceptado;GSR;1960-01-01;2026-01-23;03:16:48;08:05:48;18714030129;m要il;FALSE;DEV-5529;Chrome;es-MX;TELMEX;MEXICO;GUADALAJARA;GMT-6;2067 N, 103,34 O;30;Mercado Pago;cod 00 -aprobado;Cliente 529;PREPAGO; $459 ; MX ;RL;Orange;289;NOC;1000; $817 ;SI;;;;
VECJ880326130;USR-1530;Cliente 530;SSN-90530;cliente530@gmailcom;Aceptado;ADL;1996-01-01;2026-07-12;03:17:24;09:47:24;18714030130;residencial;FALSE;DEV-5530;Chrome;es-MX;TOTALPLAY;MEXICO;PUEBLA;GMT-6;1904 N, 9820 O;95;SPEI;cod 00 -aprobado;Cliente 530;DEBITO; $982 ; MX ;SL;Platinum;390;NOC;3500; $2.773 ;SI;;;;
VECJ880326131;USR-1531;Cliente 531;SSN-90531;cliente531@gmailcom;Aceptado;SNR;1967-01-01;2023-07-02;03:18:00;06:49:00;18714030131;residencial;TRUE;DEV-5531;Firefox;es-MX;TELMEX;MEXICO;TOLUCA;GMT-6;1928 N, 9965 O;461;OXXO PAY;cod 00 -aprobado;Cliente 531;PREPAGO; $363 ; MX ;PK;Blue;211;NOC;250; $192 ;SI;;;;
VECJ880326132;USR-1532;Cliente 532;SSN-90532;cliente532@gmailcom;Aceptado;ADL;1988-01-01;2023-11-09;03:18:36;09:39:36;18714030132;residencial;FALSE;DEV-5532;Safari;es-MX;TOTALPLAY;MEXICO;TIJUANA;GMT-6;3251 N, 11703 O;332;Mercado Pago;cod 00 -aprobado;Cliente 532;PREPAGO; $330 ; MX ;PK;Blue;381;NOC;250; $160 ;SI;;;;
VECJ880326133;USR-1533;Cliente 533;SSN-90533;cliente533@gmailcom;Aceptado;SNR;1978-01-01;2025-10-02;03:19:12;08:34:12;18714030133;residencial;FALSE;DEV-5533;Chrome;es-MX;TELMEX;MEXICO;CDMX;GMT-6;1943 N, 9913 O;132;SPEI;cod 00 -aprobado;Cliente 533;DEBITO; $56 ; MX ;RL;Blue;315;NOC;250; $172 ;SI;;;;
VECJ880326134;USR-1534;Cliente 534;SSN-90534;cliente534@gmailcom;Aceptado;ADL;1991-01-01;2023-09-09;03:19:48;11:14:48;18714030134;m要il;FALSE;DEV-5534;Chrome;es-MX;TOTALPLAY;MEXICO;MONTERREY;GMT-6;2568 N, 10031 O;432;OXXO PAY;cod-51 fondo insuficiente;Cliente 534;PREPAGO; $489 ; MX ;PK;Orange;475;NOC;1000; $794 ;NO;;;;
VECJ880326135;USR-1535;Cliente 535;SSN-90535;cliente535@gmailcom;Aceptado;SNR;1976-01-01;2023-08-01;03:20:24;03:42:24;18714030135;residencial;FALSE;DEV-5535;Safari;es-MX;TELMEX;MEXICO;GUADALAJARA;GMT-6;2067 N, 103,34 O;227;Mercado Pago;cod-51 fondo insuficiente;Cliente 535;PREPAGO; $250 ; MX ;SL;Blue;22;NOC;250; $142 ;SI;;;;
VECJ880326136;USR-1536;Cliente 536;SSN-90536;cliente536@gmailcom;No Aceptado;ADL;1988-01-01;2026-06-06;03:21:00;07:41:00;18714030136;residencial;FALSE;DEV-5536;Safari;es-MX;TOTALPLAY;MEXICO;PUEBLA;GMT-6;1904 N, 9820 O;100;SPEI;cod 00 -aprobado;Cliente 536;DEBITO; $285 ; MX ;RL;Blue;260;NOC;250; $125 ;SI;;;;
VECJ880326137;USR-1537;Cliente 537;SSN-90537;cliente537@gmailcom;No Aceptado;SNR;1969-01-01;2024-08-02;03:21:36;11:11:36;18714030137;m要il;FALSE;DEV-5537;Chrome;es-MX;TELMEX;MEXICO;TOLUCA;GMT-6;1928 N, 9965 O;217;OXXO PAY;cod 00 -aprobado;Cliente 537;PREPAGO; $267 ; MX ;RL;Blue;470;NOC;250; $186 ;NO;;;;
VECJ880326138;USR-1538;Cliente 538;SSN-90538;cliente538@gmailcom;Aceptado;SNR;1974-01-01;2023-09-22;03:22:12;08:28:12;18714030138;m要il;FALSE;DEV-5538;Firefox;es-MX;TOTALPLAY;MEXICO;TIJUANA;GMT-6;3251 N, 11703 O;72;Mercado Pago;cod-51 fondo insuficiente;Cliente 538;PREPAGO; $210 ; MX ;SL;Blue;306;NOC;250; $106 ;SI;;;;
VECJ880326139;USR-1539;Cliente 539;SSN-90539;cliente539@gmailcom;Aceptado;ADL;1999-01-01;2026-11-09;03:22:48;10:53:48;18714030139;residencial;FALSE;DEV-5539;Chrome;es-MX;TELMEX;MEXICO;CDMX;GMT-6;1943 N, 9913 O;142;SPEI;cod 00 -aprobado;Cliente 539;DEBITO; $643 ; MX ;RL;Orange;451;NOC;1000; $806 ;NO;;;;
VECJ880326140;USR-1540;Cliente 540;SSN-90540;cliente540@gmailcom;Aceptado;GSR;1959-01-01;2024-01-12;03:23:24;04:49:24;18714030140;m要il;FALSE;DEV-5540;Safari;es-MX;TOTALPLAY;MEXICO;MONTERREY;GMT-6;2568 N, 10031 O;356;OXXO PAY;cod 00 -aprobado;Cliente 540;PREPAGO; $723 ; MX ;PK;Gold;86;NOC;2000; $1.517 ;NO;;;;
VECJ880326141;USR-1541;Cliente 541;SSN-90541;cliente541@gmailcom;Aceptado;SNR;1970-01-01;2024-05-06;03:24:00;10:55:00;18714030141;residencial;FALSE;DEV-5541;Chrome;es-MX;TELMEX;MEXICO;GUADALAJARA;GMT-6;2067 N, 103,34 O;281;Mercado Pago;cod 00 -aprobado;Cliente 541;PREPAGO; $715 ; MX ;BJ;Gold;451;NOC;2000; $1.490 ;NO;;;;
VECJ880326142;USR-1542;Cliente 542;SSN-90542;cliente542@gmailcom;Aceptado;ADL;1991-01-01;2024-01-02;03:24:36;05:25:36;18714030142;residencial;FALSE;DEV-5542;Safari;es-MX;TOTALPLAY;MEXICO;PUEBLA;GMT-6;1904 N, 9820 O;264;SPEI;cod 00 -aprobado;Cliente 542;DEBITO; $926 ; MX ;RL;Platinum;121;NOC;3500; $2.792 ;NO;;;;
VECJ880326143;USR-1543;Cliente 543;SSN-90543;cliente543@gmailcom;Aceptado;SNR;1980-01-01;2023-07-23;03:25:12;10:43:12;18714030143;m要il;FALSE;DEV-5543;Safari;es-MX;TELMEX;MEXICO;TOLUCA;GMT-6;1928 N, 9965 O;220;OXXO PAY;cod 00 -aprobado;Cliente 543;PREPAGO; $131 ; MX ;RL;Blue;438;NOC;250; $191 ;NO;;;;
VECJ880326144;USR-1544;Cliente 544;SSN-90544;cliente544@gmailcom;Aceptado;ADL;1987-01-01;2026-08-08;03:25:48;10:33:48;18714030144;m要il;FALSE;DEV-5544;Firefox;es-MX;TOTALPLAY;MEXICO;TIJUANA;GMT-6;3251 N, 11703 O;224;Mercado Pago;cod 00 -aprobado;Cliente 544;PREPAGO; $1.252 ; MX ;PK;Black;428;NOC;5000; $4.161 ;NO;;;;
VECJ880326145;USR-1545;Cliente 545;SSN-90545;cliente545@gmailcom;Aceptado;GSR;1957-01-01;2025-08-17;03:26:24;08:12:24;18714030145;residencial;FALSE;DEV-5545;Firefox;es-MX;TELMEX;MEXICO;CDMX;GMT-6;1943 N, 9913 O;15;SPEI;cod 00 -aprobado;Cliente 545;DEBITO; $838 ; MX ;SL;Gold;286;NOC;2000; $1.540 ;SI;;;;
VECJ880326146;USR-1546;Cliente 546;SSN-90546;cliente546@gmailcom;No Aceptado;GSR;1951-01-01;2024-05-22;03:27:00;08:09:00;18714030146;residencial;FALSE;DEV-5546;Safari;es-MX;TOTALPLAY;MEXICO;MONTERREY;GMT-6;2568 N, 10031 O;495;OXXO PAY;cod 00 -aprobado;Cliente 546;PREPAGO; $1.088 ; MX ;BJ;Platinum;282;NOC;3500; $2.806 ;NO;;;;
VECJ880326147;USR-1547;Cliente 547;SSN-90547;cliente547@gmailcom;No Aceptado;SNR;1977-01-01;2024-04-07;03:27:36;11:02:36;18714030147;m要il;FALSE;DEV-5547;Chrome;es-MX;TELMEX;MEXICO;GUADALAJARA;GMT-6;2067 N, 103,34 O;385;Mercado Pago;cod 00 -aprobado;Cliente 547;PREPAGO; $1.346 ; MX ;RL;Black;455;NOC;5000; $4.196 ;NO;;;;
VECJ880326148;USR-1548;Cliente 548;SSN-90548;cliente548@gmailcom;Aceptado;GSR;1950-01-01;2024-04-03;03:28:12;08:17:12;18714030148;residencial;FALSE;DEV-5548;Safari;es-MX;TOTALPLAY;MEXICO;PUEBLA;GMT-6;1904 N, 9820 O;283;SPEI;cod 00 -aprobado;Cliente 548;DEBITO; $949 ; MX ;BJ;Platinum;289;NOC;3500; $2.764 ;SI;;;;
VECJ880326149;USR-1549;Cliente 549;SSN-90549;cliente549@gmailcom;Aceptado;GSR;1956-01-01;2024-04-11;03:28:48;10:58:48;18714030149;m要il;FALSE;DEV-5549;Edge;es-MX;TELMEX;MEXICO;TOLUCA;GMT-6;1928 N, 9965 O;443;OXXO PAY;cod 00 -aprobado;Cliente 549;PREPAGO; $279 ; MX ;PK;Blue;450;NOC;250; $172 ;NO;;;;
VECJ880326150;USR-1550;Cliente 550;SSN-90550;cliente550@gmailcom;Aceptado;GSR;1957-01-01;2023-01-15;03:29:24;08:44:24;18714030150;data center;FALSE;DEV-5550;Edge;es-MX;TOTALPLAY;MEXICO;TIJUANA;GMT-6;3251 N, 11703 O;472;Mercado Pago;cod 00 -aprobado;Cliente 550;PREPAGO; $1.219 ; MX ;RL;Black;315;NOC;5000; $4.171 ;NO;;;;
VECJ880326151;USR-1551;Cliente 551;SSN-90551;cliente551@gmailcom;Aceptado;ADL;1988-01-01;2024-08-13;03:30:00;09:47:00;18714030151;residencial;FALSE;DEV-5551;Firefox;es-MX;TELMEX;MEXICO;CDMX;GMT-6;1943 N, 9913 O;399;SPEI;cod 00 -aprobado;Cliente 551;DEBITO; $125 ; MX ;BJ;Blue;377;NOC;250; $161 ;NO;;;;
VECJ880326152;USR-1552;Cliente 552;SSN-90552;cliente552@gmailcom;Aceptado;SNR;1973-01-01;2025-03-17;03:30:36;06:32:36;18714030152;residencial;FALSE;DEV-5552;Chrome;es-MX;TOTALPLAY;MEXICO;MONTERREY;GMT-6;2568 N, 10031 O;375;OXXO PAY;cod-43 tarjeta robada;Cliente 552;PREPAGO; $696 ; MX ;PK;Orange;182;NOC;1000; $807 ;SI;;;;
VECJ880326153;USR-1553;Cliente 553;SSN-90553;cliente553@gmailcom;Aceptado;GSR;1956-01-01;2025-11-21;03:31:12;09:17:12;18714030153;residencial;FALSE;DEV-5553;Safari;es-MX;TELMEX;MEXICO;GUADALAJARA;GMT-6;2067 N, 103,34 O;356;Mercado Pago;cod 00 -aprobado;Cliente 553;PREPAGO; $1.456 ; MX ;PK;Black;346;NOC;5000; $4.163 ;NO;;;;
VECJ880326154;USR-1554;Cliente 554;SSN-90554;cliente554@gmailcom;Aceptado;ADL;1986-01-01;2024-07-06;03:31:48;09:28:48;18714030154;m要il;FALSE;DEV-5554;Chrome;es-MX;TOTALPLAY;MEXICO;PUEBLA;GMT-6;1904 N, 9820 O;117;SPEI;cod 00 -aprobado;Cliente 554;DEBITO; $1.432 ; MX ;BJ;Black;357;NOC;5000; $4.162 ;SI;;;;
VECJ880326155;USR-1555;Cliente 555;SSN-90555;cliente555@gmailcom;Aceptado;SNR;1975-01-01;2026-05-25;03:32:24;05:15:24;18714030155;residencial;FALSE;DEV-5555;Chrome;es-MX;TELMEX;MEXICO;TOLUCA;GMT-6;1928 N, 9965 O;463;OXXO PAY;cod-51 fondo insuficiente;Cliente 555;PREPAGO; $460 ; MX ;SL;Orange;103;NOC;1000; $845 ;SI;;;;
VECJ880326156;USR-1556;Cliente 556;SSN-90556;cliente556@gmailcom;Aceptado;GSR;1954-01-01;2025-10-04;03:33:00;07:36:00;18714030156;residencial;FALSE;DEV-5556;Chrome;es-MX;TOTALPLAY;MEXICO;TIJUANA;GMT-6;3251 N, 11703 O;456;Mercado Pago;cod 00 -aprobado;Cliente 556;PREPAGO; $222 ; MX ;PK;Blue;243;NOC;250; $115 ;SI;;;;
VECJ880326157;USR-1557;Cliente 557;SSN-90557;cliente557@gmailcom;Aceptado;GSR;1951-01-01;2024-03-09;03:33:36;08:06:36;18714030157;residencial;FALSE;DEV-5557;Chrome;es-MX;TELMEX;MEXICO;CDMX;GMT-6;1943 N, 9913 O;7;SPEI;cod 00 -aprobado;Cliente 557;DEBITO; $1.355 ; MX ;SL;Black;273;NOC;5000; $4.220 ;NO;;;;
VECJ880326158;USR-1558;Cliente 558;SSN-90558;cliente558@gmailcom;Aceptado;GSR;1950-01-01;2026-06-24;03:34:12;09:30:12;18714030158;residencial;FALSE;DEV-5558;Safari;es-MX;TOTALPLAY;MEXICO;MONTERREY;GMT-6;2568 N, 10031 O;227;OXXO PAY;cod 00 -aprobado;Cliente 558;PREPAGO; $366 ; MX ;SL;Blue;356;NOC;250; $181 ;NO;;;;
VECJ880326159;USR-1559;Cliente 559;SSN-90559;cliente559@gmailcom;Aceptado;ADL;1994-01-01;2025-04-13;03:34:48;03:46:48;18714030159;m要il;FALSE;DEV-5559;Safari;es-MX;TELMEX;MEXICO;GUADALAJARA;GMT-6;2067 N, 103,34 O;125;Mercado Pago;cod 00 -aprobado;Cliente 559;PREPAGO; $623 ; MX ;SL;Orange;12;NOC;1000; $805 ;NO;;;;
VECJ880326160;USR-1560;Cliente 560;SSN-90560;cliente560@gmailcom;Aceptado;SNR;1985-01-01;2024-08-17;03:35:24;11:31:24;18714030160;residencial;FALSE;DEV-5560;Chrome;es-MX;TOTALPLAY;MEXICO;PUEBLA;GMT-6;1904 N, 9820 O;427;SPEI;cod 00 -aprobado;Cliente 560;DEBITO; $120 ; MX ;BJ;Blue;476;NOC;250; $175 ;NO;;;;
VECJ880326161;USR-1561;Cliente 561;SSN-90561;cliente561@gmailcom;Aceptado;ADL;1988-01-01;2023-12-13;03:36:00;05:22:00;18714030161;residencial;FALSE;DEV-5561;Chrome;es-MX;TELMEX;MEXICO;TOLUCA;GMT-6;1928 N, 9965 O;251;OXXO PAY;cod 00 -aprobado;Cliente 561;PREPAGO; $337 ; MX ;SL;Blue;106;NOC;250; $195 ;SI;;;;
VECJ880326162;USR-1562;Cliente 562;SSN-90562;cliente562@gmailcom;Aceptado;ADL;1989-01-01;2023-03-12;03:36:36;10:50:36;18714030162;residencial;FALSE;DEV-5562;Chrome;es-MX;TOTALPLAY;MEXICO;TIJUANA;GMT-6;3251 N, 11703 O;157;Mercado Pago;cod 00 -aprobado;Cliente 562;PREPAGO; $1.079 ; MX ;SL;Platinum;434;NOC;3500; $2.797 ;NO;;;;
VECJ880326163;USR-1563;Cliente 563;SSN-90563;cliente563@gmailcom;Aceptado;GSR;1959-01-01;2026-10-12;03:37:12;08:01:12;18714030163;m要il;FALSE;DEV-5563;Chrome;es-MX;TELMEX;MEXICO;CDMX;GMT-6;1943 N, 9913 O;374;SPEI;cod 00 -aprobado;Cliente 563;DEBITO; $1.107 ; MX ;SL;Black;264;NOC;5000; $4.174 ;NO;;;;
VECJ880326164;USR-1564;Cliente 564;SSN-90564;cliente564@gmailcom;Aceptado;ADL;1999-01-01;2024-11-26;03:37:48;10:24:48;18714030164;residencial;FALSE;DEV-5564;Safari;es-MX;TOTALPLAY;MEXICO;MONTERREY;GMT-6;2568 N, 10031 O;26;OXXO PAY;cod 00 -aprobado;Cliente 564;PREPAGO; $1.006 ; MX ;PK;Platinum;407;NOC;3500; $2.771 ;NO;;;;
VECJ880326165;USR-1565;Cliente 565;SSN-90565;cliente565@gmailcom;Aceptado;SNR;1981-01-01;2023-05-06;03:38:24;06:46:24;18714030165;residencial;TRUE;DEV-5565;Safari;es-MX;TELMEX;MEXICO;GUADALAJARA;GMT-6;2067 N, 103,34 O;436;Mercado Pago;cod-51 fondo insuficiente;Cliente 565;PREPAGO; $421 ; MX ;SL;Orange;188;NOC;1000; $792 ;SI;;;;
VECJ880326166;USR-1566;Cliente 566;SSN-90566;cliente566@gmailcom;Aceptado;ADL;1999-01-01;2023-10-08;03:39:00;09:06:00;18714030166;residencial;FALSE;DEV-5566;Chrome;es-MX;TOTALPLAY;MEXICO;PUEBLA;GMT-6;1904 N, 9820 O;129;SPEI;cod 00 -aprobado;Cliente 566;DEBITO; $656 ; MX ;SL;Orange;327;NOC;1000; $779 ;SI;;;;
VECJ880326167;USR-1567;Cliente 567;SSN-90567;cliente567@gmailcom;Aceptado;ADL;1991-01-01;2025-10-09;03:39:36;06:21:36;18714030167;residencial;FALSE;DEV-5567;Safari;es-MX;TELMEX;MEXICO;TOLUCA;GMT-6;1928 N, 9965 O;102;OXXO PAY;cod 00 -aprobado;Cliente 567;PREPAGO; $993 ; MX ;RL;Platinum;162;NOC;3500; $2.819 ;NO;;;;
VECJ880326168;USR-1568;Cliente 568;SSN-90568;cliente568@gmailcom;No Aceptado;SNR;1976-01-01;2024-02-04;03:40:12;11:06:12;18714030168;residencial;TRUE;DEV-5568;Edge;es-MX;TOTALPLAY;MEXICO;TIJUANA;GMT-6;3251 N, 11703 O;205;Mercado Pago;cod 00 -aprobado;Cliente 568;PREPAGO; $1.109 ; MX ;RL;Black;446;NOC;5000; $4.213 ;NO;;;;
VECJ880326169;USR-1569;Cliente 569;SSN-90569;cliente569@gmailcom;Aceptado;SNR;1980-01-01;2025-07-25;03:40:48;10:45:48;18714030169;residencial;FALSE;DEV-5569;Chrome;es-MX;TELMEX;MEXICO;CDMX;GMT-6;1943 N, 9913 O;476;SPEI;cod 00 -aprobado;Cliente 569;DEBITO; $637 ; MX ;RL;Orange;425;NOC;1000; $798 ;NO;;;;
VECJ880326170;USR-1570;Cliente 570;SSN-90570;cliente570@gmailcom;Aceptado;GSR;1953-01-01;2025-03-16;03:41:24;07:26:24;18714030170;residencial;FALSE;DEV-5570;Chrome;es-MX;TOTALPLAY;MEXICO;MONTERREY;GMT-6;2568 N, 10031 O;27;OXXO PAY;cod 00 -aprobado;Cliente 570;PREPAGO; $1.101 ; MX ;PK;Black;225;NOC;5000; $4.182 ;SI;;;;
VECJ880326171;USR-1571;Cliente 571;SSN-90571;cliente571@gmailcom;No Aceptado;ADL;1998-01-01;2025-08-18;03:42:00;10:13:00;18714030171;residencial;FALSE;DEV-5571;Chrome;es-MX;TELMEX;MEXICO;GUADALAJARA;GMT-6;2067 N, 103,34 O;173;Mercado Pago;cod 00 -aprobado;Cliente 571;PREPAGO; $641 ; MX ;BJ;Orange;391;NOC;1000; $800 ;SI;;;;
VECJ880326172;USR-1572;Cliente 572;SSN-90572;cliente572@gmailcom;Aceptado;SNR;1979-01-01;2026-06-25;03:42:36;05:05:36;18714030172;m要il;FALSE;DEV-5572;Edge;es-MX;TOTALPLAY;MEXICO;PUEBLA;GMT-6;1904 N, 9820 O;457;SPEI;cod-51 fondo insuficiente;Cliente 572;DEBITO; $873 ; MX ;SL;Gold;83;NOC;2000; $1.499 ;NO;;;;
VECJ880326173;USR-1573;Cliente 573;SSN-90573;cliente573@gmailcom;Aceptado;ADL;1988-01-01;2023-11-02;03:43:12;04:13:12;18714030173;residencial;FALSE;DEV-5573;Chrome;es-MX;TELMEX;MEXICO;TOLUCA;GMT-6;1928 N, 9965 O;467;OXXO PAY;cod-51 fondo insuficiente;Cliente 573;PREPAGO; $108 ; MX ;BJ;Blue;30;NOC;250; $130 ;SI;;;;
VECJ880326174;USR-1574;Cliente 574;SSN-90574;cliente574@gmailcom;Aceptado;ADL;1991-01-01;2026-08-21;03:43:48;08:30:48;18714030174;data center;TRUE;DEV-5574;Safari;es-MX;TOTALPLAY;MEXICO;TIJUANA;GMT-6;3251 N, 11703 O;224;Mercado Pago;cod 00 -aprobado;Cliente 574;PREPAGO; $1.006 ; MX ;PK;Platinum;287;NOC;3500; $2.840 ;NO;;;;
VECJ880326175;USR-1575;Cliente 575;SSN-90575;cliente575@gmailcom;No Aceptado;ADL;1987-01-01;2024-09-21;03:44:24;09:56:24;18714030175;residencial;FALSE;DEV-5575;Firefox;es-MX;TELMEX;MEXICO;CDMX;GMT-6;1943 N, 9913 O;430;SPEI;cod 00 -aprobado;Cliente 575;DEBITO; $403 ; MX ;RL;Orange;372;NOC;1000; $832 ;NO;;;;
VECJ880326176;USR-1576;Cliente 576;SSN-90576;cliente576@gmailcom;Aceptado;SNR;1967-01-01;2023-07-19;03:45:00;04:28:00;18714030176;data center;FALSE;DEV-5576;Chrome;es-MX;TOTALPLAY;MEXICO;MONTERREY;GMT-6;2568 N, 10031 O;345;OXXO PAY;cod 00 -aprobado;Cliente 576;PREPAGO; $715 ; MX ;RL;Gold;43;NOC;2000; $1.511 ;NO;;;;
VECJ880326177;USR-1577;Cliente 577;SSN-90577;cliente577@gmailcom;Aceptado;GSR;1963-01-01;2024-11-23;03:45:36;11:12:36;18714030177;residencial;FALSE;DEV-5577;Firefox;es-MX;TELMEX;MEXICO;GUADALAJARA;GMT-6;2067 N, 103,34 O;334;Mercado Pago;cod 00 -aprobado;Cliente 577;PREPAGO; $503 ; MX ;PK;Orange;447;NOC;1000; $773 ;SI;;;;
VECJ880326178;USR-1578;Cliente 578;SSN-90578;cliente578@gmailcom;Aceptado;SNR;1976-01-01;2026-02-20;03:46:12;06:22:12;18714030178;m要il;FALSE;DEV-5578;Safari;es-MX;TOTALPLAY;MEXICO;PUEBLA;GMT-6;1904 N, 9820 O;45;SPEI;cod 00 -aprobado;Cliente 578;DEBITO; $995 ; MX ;RL;Platinum;156;NOC;3500; $2.803 ;NO;;;;
VECJ880326179;USR-1579;Cliente 579;SSN-90579;cliente579@gmailcom;Aceptado;GSR;1957-01-01;2023-10-20;03:46:48;10:30:48;18714030179;residencial;FALSE;DEV-5579;Safari;es-MX;TELMEX;MEXICO;TOLUCA;GMT-6;1928 N, 9965 O;457;OXXO PAY;cod 00 -aprobado;Cliente 579;PREPAGO; $1.368 ; MX ;PK;Black;404;NOC;5000; $4.228 ;NO;;;;
VECJ880326180;USR-1580;Cliente 580;SSN-90580;cliente580@gmailcom;Aceptado;ADL;1995-01-01;2023-05-21;03:47:24;05:43:24;18714030180;m要il;FALSE;DEV-5580;Safari;es-MX;TOTALPLAY;MEXICO;TIJUANA;GMT-6;3251 N, 11703 O;472;Mercado Pago;cod 00 -aprobado;Cliente 580;PREPAGO; $1.187 ; MX ;BJ;Black;116;NOC;5000; $4.218 ;NO;;;;
VECJ880326181;USR-1581;Cliente 581;SSN-90581;cliente581@gmailcom;Aceptado;GSR;1957-01-01;2025-03-04;03:48:00;04:20:00;18714030181;residencial;FALSE;DEV-5581;Firefox;es-MX;TELMEX;MEXICO;CDMX;GMT-6;1943 N, 9913 O;335;SPEI;cod 00 -aprobado;Cliente 581;DEBITO; $1.358 ; MX ;SL;Black;32;NOC;5000; $4.242 ;NO;;;;
VECJ880326182;USR-1582;Cliente 582;SSN-90582;cliente582@gmailcom;No Aceptado;GSR;1957-01-01;2024-02-02;03:48:36;04:20:36;18714030182;residencial;FALSE;DEV-5582;Edge;es-MX;TOTALPLAY;MEXICO;MONTERREY;GMT-6;2568 N, 10031 O;55;OXXO PAY;cod 00 -aprobado;Cliente 582;PREPAGO; $738 ; MX ;PK;Gold;32;NOC;2000; $1.491 ;NO;;;;
VECJ880326183;USR-1583;Cliente 583;SSN-90583;cliente583@gmailcom;Aceptado;ADL;1997-01-01;2025-01-06;03:49:12;10:19:12;18714030183;m要il;FALSE;DEV-5583;Chrome;es-MX;TELMEX;MEXICO;GUADALAJARA;GMT-6;2067 N, 103,34 O;229;Mercado Pago;cod 00 -aprobado;Cliente 583;PREPAGO; $431 ; MX ;SL;Orange;390;NOC;1000; $777 ;SI;;;;
VECJ880326184;USR-1584;Cliente 584;SSN-90584;cliente584@gmailcom;Aceptado;ADL;1996-01-01;2023-04-23;03:49:48;10:37:48;18714030184;m要il;FALSE;DEV-5584;Firefox;es-MX;TOTALPLAY;MEXICO;PUEBLA;GMT-6;1904 N, 9820 O;152;SPEI;cod 00 -aprobado;Cliente 584;DEBITO; $1.495 ; MX ;SL;Black;408;NOC;5000; $4.185 ;NO;;;;
VECJ880326185;USR-1585;Cliente 585;SSN-90585;cliente585@gmailcom;No Aceptado;SNR;1975-01-01;2024-03-28;03:50:24;04:54:24;18714030185;residencial;FALSE;DEV-5585;Chrome;es-MX;TELMEX;MEXICO;TOLUCA;GMT-6;1928 N, 9965 O;361;OXXO PAY;cod 00 -aprobado;Cliente 585;PREPAGO; $557 ; MX ;RL;Orange;64;NOC;1000; $791 ;SI;;;;
VECJ880326186;USR-1586;Cliente 586;SSN-90586;cliente586@gmailcom;Aceptado;ADL;1986-01-01;2023-09-03;03:51:00;07:52:00;18714030186;residencial;FALSE;DEV-5586;Chrome;es-MX;TOTALPLAY;MEXICO;TIJUANA;GMT-6;3251 N, 11703 O;119;Mercado Pago;cod 00 -aprobado;Cliente 586;PREPAGO; $682 ; MX ;PK;Orange;241;NOC;1000; $840 ;NO;;;;
VECJ880326187;USR-1587;Cliente 587;SSN-90587;cliente587@gmailcom;Aceptado;GSR;1951-01-01;2026-11-15;03:51:36;05:24:36;18714030187;residencial;FALSE;DEV-5587;Chrome;es-MX;TELMEX;MEXICO;CDMX;GMT-6;1943 N, 9913 O;123;SPEI;cod 00 -aprobado;Cliente 587;DEBITO; $929 ; MX ;RL;Platinum;93;NOC;3500; $2.783 ;NO;;;;
VECJ880326188;USR-1588;Cliente 588;SSN-90588;cliente588@gmailcom;No Aceptado;GSR;1965-01-01;2023-12-09;03:52:12;04:52:12;18714030188;m要il;FALSE;DEV-5588;Safari;es-MX;TOTALPLAY;MEXICO;MONTERREY;GMT-6;2568 N, 10031 O;476;OXXO PAY;cod 00 -aprobado;Cliente 588;PREPAGO; $250 ; MX ;SL;Blue;60;NOC;250; $135 ;SI;;;;
VECJ880326189;USR-1589;Cliente 589;SSN-90589;cliente589@gmailcom;Aceptado;ADL;1994-01-01;2025-12-21;03:52:48;11:16:48;18714030189;residencial;FALSE;DEV-5589;Safari;es-MX;TELMEX;MEXICO;GUADALAJARA;GMT-6;2067 N, 103,34 O;419;Mercado Pago;cod-51 fondo insuficiente;Cliente 589;PREPAGO; $866 ; MX ;PK;Gold;444;NOC;2000; $1.461 ;NO;;;;
VECJ880326190;USR-1590;Cliente 590;SSN-90590;cliente590@gmailcom;Aceptado;GSR;1952-01-01;2024-04-02;03:53:24;08:27:24;18714030190;m要il;FALSE;DEV-5590;Chrome;es-MX;TOTALPLAY;MEXICO;PUEBLA;GMT-6;1904 N, 9820 O;450;SPEI;cod 00 -aprobado;Cliente 590;DEBITO; $480 ; MX ;SL;Orange;274;NOC;1000; $763 ;SI;;;;
VECJ880326191;USR-1591;Cliente 591;SSN-90591;cliente591@gmailcom;Aceptado;SNR;1977-01-01;2023-01-02;03:54:00;04:33:00;18714030191;residencial;FALSE;DEV-5591;Chrome;es-MX;TELMEX;MEXICO;TOLUCA;GMT-6;1928 N, 9965 O;290;OXXO PAY;cod 00 -aprobado;Cliente 591;PREPAGO; $855 ; MX ;PK;Gold;39;NOC;2000; $1.505 ;NO;;;;
VECJ880326192;USR-1592;Cliente 592;SSN-90592;cliente592@gmailcom;Aceptado;SNR;1973-01-01;2024-07-14;03:54:36;08:28:36;18714030192;data center;FALSE;DEV-5592;Safari;es-MX;TOTALPLAY;MEXICO;TIJUANA;GMT-6;3251 N, 11703 O;14;Mercado Pago;cod 00 -aprobado;Cliente 592;PREPAGO; $352 ; MX ;SL;Blue;274;NOC;250; $123 ;SI;;;;
VECJ880326193;USR-1593;Cliente 593;SSN-90593;cliente593@gmailcom;Aceptado;GSR;1960-01-01;2023-07-13;03:55:12;08:28:12;18714030193;residencial;FALSE;DEV-5593;Safari;es-MX;TELMEX;MEXICO;CDMX;GMT-6;1943 N, 9913 O;148;SPEI;cod 00 -aprobado;Cliente 593;DEBITO; $592 ; MX ;PK;Orange;273;NOC;1000; $758 ;SI;;;;
VECJ880326194;USR-1594;Cliente 594;SSN-90594;cliente594@gmailcom;Aceptado;GSR;1950-01-01;2024-11-15;03:55:48;07:37:48;18714030194;residencial;TRUE;DEV-5594;Chrome;es-MX;TOTALPLAY;MEXICO;MONTERREY;GMT-6;2568 N, 10031 O;80;OXXO PAY;cod 00 -aprobado;Cliente 594;PREPAGO; $1.252 ; MX ;SL;Black;222;NOC;5000; $4.225 ;SI;;;;
VECJ880326195;USR-1595;Cliente 595;SSN-90595;cliente595@gmailcom;Aceptado;SNR;1976-01-01;2026-05-10;03:56:24;08:54:24;18714030195;residencial;TRUE;DEV-5595;Chrome;es-MX;TELMEX;MEXICO;GUADALAJARA;GMT-6;2067 N, 103,34 O;182;Mercado Pago;cod 00 -aprobado;Cliente 595;PREPAGO; $1.156 ; MX ;SL;Black;298;NOC;5000; $4.164 ;NO;;;;
VECJ880326196;USR-1596;Cliente 596;SSN-90596;cliente596@gmailcom;Aceptado;ADL;1998-01-01;2026-02-10;03:57:00;05:20:00;18714030196;m要il;TRUE;DEV-5596;Chrome;es-MX;TOTALPLAY;MEXICO;PUEBLA;GMT-6;1904 N, 9820 O;69;SPEI;cod 00 -aprobado;Cliente 596;DEBITO; $1.454 ; MX ;SL;Black;83;NOC;5000; $4.229 ;NO;;;;
VECJ880326197;USR-1597;Cliente 597;SSN-90597;cliente597@gmailcom;Aceptado;SNR;1978-01-01;2026-01-08;03:57:36;08:29:36;18714030197;residencial;FALSE;DEV-5597;Safari;es-MX;TELMEX;MEXICO;TOLUCA;GMT-6;1928 N, 9965 O;216;OXXO PAY;cod-51 fondo insuficiente;Cliente 597;PREPAGO; $349 ; MX ;SL;Blue;272;NOC;250; $195 ;SI;;;;
VECJ880326198;USR-1598;Cliente 598;SSN-90598;cliente598@gmailcom;Aceptado;GSR;1962-01-01;2024-08-16;03:58:12;05:52:12;18714030198;m要il;FALSE;DEV-5598;Safari;es-MX;TOTALPLAY;MEXICO;TIJUANA;GMT-6;3251 N, 11703 O;88;Mercado Pago;cod 00 -aprobado;Cliente 598;PREPAGO; $141 ; MX ;PK;Blue;114;NOC;250; $122 ;NO;;;;
VECJ880326199;USR-1599;Cliente 599;SSN-90599;cliente599@gmailcom;Aceptado;GSR;1962-01-01;2024-05-27;03:58:48;07:04:48;18714030199;residencial;FALSE;DEV-5599;Safari;es-MX;TELMEX;MEXICO;CDMX;GMT-6;1943 N, 9913 O;176;SPEI;cod 00 -aprobado;Cliente 599;DEBITO; $1.360 ; MX ;PK;Black;186;NOC;5000; $4.238 ;SI;;;;
VECJ880326200;USR-1600;Cliente 600;SSN-90600;cliente600@gmailcom;No Aceptado;GSR;1966-01-01;2025-04-08;03:59:24;06:32:24;18714030200;m要il;FALSE;DEV-5600;Chrome;es-MX;TOTALPLAY;MEXICO;MONTERREY;GMT-6;2568 N, 10031 O;27;OXXO PAY;cod 00 -aprobado;Cliente 600;PREPAGO; $996 ; MX ;SL;Platinum;153;NOC;3500; $2.760 ;NO;;;;
1010000001;USR-1601;Cliente 601;SSN-90601;cliente601@gmailcom;Aceptado;SNR;1975-01-01;2026-08-02;04:00:00;05:23:00;186115501;residencial;FALSE;DEV-5601;Safari;es-CO;CLARO COLOMBIA;COLOMBIA;BOGOTA;GMT-5;471 N, 7407 O;423;PSE;cod 00 -aprobado;Cliente 601;DEBITO; $26 ; CO ;PK;Blue;83;NOC;250; $145 ;NO;;;;
1010000002;USR-1602;Cliente 602;SSN-90602;cliente602@gmailcom;Aceptado;SNR;1970-01-01;2024-12-03;04:00:36;06:10:36;186115502;residencial;FALSE;DEV-5602;Edge;es-CO;TIGO;COLOMBIA;MEDELLIN;GMT-5;624 N, 7556 O;340;Nequi;cod 00 -aprobado;Cliente 602;PREPAGO; $1.202 ; CO ;RL;Black;130;NOC;5000; $4.161 ;SI;;;;
1010000003;USR-1603;Cliente 603;SSN-90603;cliente603@gmailcom;Aceptado;ADL;1988-01-01;2025-04-02;04:01:12;05:32:12;186115503;residencial;FALSE;DEV-5603;Chrome;es-CO;CLARO COLOMBIA;COLOMBIA;CALI;GMT-5;345 N, 7653 O;365;Daviplata;cod 00 -aprobado;Cliente 603;PREPAGO; $1.249 ; CO ;RL;Black;91;NOC;5000; $4.168 ;NO;;;;
1010000004;USR-1604;Cliente 604;SSN-90604;cliente604@gmailcom;Aceptado;ADL;1999-01-01;2024-11-02;04:01:48;09:52:48;186115504;m要il;FALSE;DEV-5604;Chrome;es-CO;TIGO;COLOMBIA;BARRANQUILLA;GMT-5;1096 N, 7479 O;437;PSE;cod 00 -aprobado;Cliente 604;DEBITO; $414 ; CO ;RL;Orange;351;NOC;1000; $796 ;NO;;;;
1010000005;USR-1605;Cliente 605;SSN-90605;cliente605@gmailcom;Aceptado;GSR;1959-01-01;2026-10-09;04:02:24;07:26:24;186115505;residencial;FALSE;DEV-5605;Safari;es-CO;CLARO COLOMBIA;COLOMBIA;CARTAGENA;GMT-5;1039 N, 7547 O;336;Nequi;cod 00 -aprobado;Cliente 605;PREPAGO; $1.450 ; CO ;SL;Black;204;NOC;5000; $4.165 ;NO;;;;
1010000006;USR-1606;Cliente 606;SSN-90606;cliente606@gmailcom;Aceptado;ADL;1995-01-01;2026-03-03;04:03:00;10:08:00;186115506;residencial;FALSE;DEV-5606;Safari;es-CO;TIGO;COLOMBIA;CUCUTA;GMT-5;789 N, 7250 O;487;Daviplata;cod-51 fondo insuficiente;Cliente 606;PREPAGO; $786 ; CO ;PK;Gold;365;NOC;2000; $1.487 ;NO;;;;
1010000007;USR-1607;Cliente 607;SSN-90607;cliente607@gmailcom;Aceptado;SNR;1985-01-01;2024-11-10;04:03:36;06:53:36;186115507;residencial;FALSE;DEV-5607;Safari;es-CO;CLARO COLOMBIA;COLOMBIA;BOGOTA;GMT-5;471 N, 7407 O;371;PSE;cod 00 -aprobado;Cliente 607;DEBITO; $212 ; CO ;SL;Blue;170;NOC;250; $193 ;SI;;;;
1010000008;USR-1608;Cliente 608;SSN-90608;cliente608@gmailcom;No Aceptado;GSR;1963-01-01;2024-04-12;04:04:12;07:05:12;186115508;residencial;FALSE;DEV-5608;Chrome;es-CO;TIGO;COLOMBIA;MEDELLIN;GMT-5;624 N, 7556 O;426;Nequi;cod 00 -aprobado;Cliente 608;PREPAGO; $1.427 ; CO ;BJ;Black;181;NOC;5000; $4.218 ;NO;;;;
1010000009;USR-1609;Cliente 609;SSN-90609;cliente609@gmailcom;Aceptado;GSR;1966-01-01;2024-09-07;04:04:48;04:34:48;186115509;residencial;FALSE;DEV-5609;Chrome;es-CO;CLARO COLOMBIA;COLOMBIA;CALI;GMT-5;345 N, 7653 O;480;Daviplata;cod-43 tarjeta robada;Cliente 609;PREPAGO; $402 ; CO ;PK;Orange;30;NOC;1000; $826 ;NO;;;;
1010000010;USR-1610;Cliente 610;SSN-90610;cliente610@gmailcom;Aceptado;SNR;1979-01-01;2026-04-06;04:05:24;04:18:24;1861155010;residencial;FALSE;DEV-5610;Chrome;es-CO;TIGO;COLOMBIA;BARRANQUILLA;GMT-5;1096 N, 7479 O;323;PSE;cod 00 -aprobado;Cliente 610;DEBITO; $1.165 ; CO ;PK;Black;13;NOC;5000; $4.233 ;NO;;;;
1010000011;USR-1611;Cliente 611;SSN-90611;cliente611@gmailcom;Aceptado;GSR;1955-01-01;2026-07-04;04:06:00;04:15:00;1861155011;residencial;FALSE;DEV-5611;Chrome;es-CO;CLARO COLOMBIA;COLOMBIA;CARTAGENA;GMT-5;1039 N, 7547 O;96;Nequi;cod 00 -aprobado;Cliente 611;PREPAGO; $887 ; CO ;SL;Gold;9;NOC;2000; $1.485 ;SI;;;;
1010000012;USR-1612;Cliente 612;SSN-90612;cliente612@gmailcom;Aceptado;ADL;1996-01-01;2026-10-05;04:06:36;05:21:36;1861155012;residencial;FALSE;DEV-5612;Chrome;es-CO;TIGO;COLOMBIA;CUCUTA;GMT-5;789 N, 7250 O;244;Daviplata;cod 00 -aprobado;Cliente 612;PREPAGO; $872 ; CO ;PK;Gold;75;NOC;2000; $1.461 ;NO;;;;
1010000013;USR-1613;Cliente 613;SSN-90613;cliente613@gmailcom;Aceptado;GSR;1966-01-01;2025-03-18;04:07:12;07:46:12;1861155013;m要il;FALSE;DEV-5613;Chrome;es-CO;CLARO COLOMBIA;COLOMBIA;BOGOTA;GMT-5;471 N, 7407 O;371;PSE;cod 00 -aprobado;Cliente 613;DEBITO; $551 ; CO ;RL;Orange;219;NOC;1000; $767 ;SI;;;;
1010000014;USR-1614;Cliente 614;SSN-90614;cliente614@gmailcom;Aceptado;ADL;1988-01-01;2025-07-05;04:07:48;08:39:48;1861155014;residencial;FALSE;DEV-5614;Chrome;es-CO;TIGO;COLOMBIA;MEDELLIN;GMT-5;624 N, 7556 O;204;Nequi;cod 00 -aprobado;Cliente 614;PREPAGO; $554 ; CO ;RL;Orange;272;NOC;1000; $806 ;SI;;;;
1010000015;USR-1615;Cliente 615;SSN-90615;cliente615@gmailcom;Aceptado;GSR;1961-01-01;2023-02-19;04:08:24;07:42:24;1861155015;residencial;FALSE;DEV-5615;Chrome;es-CO;CLARO COLOMBIA;COLOMBIA;CALI;GMT-5;345 N, 7653 O;305;Daviplata;cod-51 fondo insuficiente;Cliente 615;PREPAGO; $625 ; CO ;RL;Orange;214;NOC;1000; $830 ;SI;;;;
1010000016;USR-1616;Cliente 616;SSN-90616;cliente616@gmailcom;Aceptado;GSR;1958-01-01;2024-07-16;04:09:00;09:35:00;1861155016;residencial;FALSE;DEV-5616;Edge;es-CO;TIGO;COLOMBIA;BARRANQUILLA;GMT-5;1096 N, 7479 O;314;PSE;cod 00 -aprobado;Cliente 616;DEBITO; $681 ; CO ;RL;Orange;326;NOC;1000; $784 ;SI;;;;
1010000017;USR-1617;Cliente 617;SSN-90617;cliente617@gmailcom;No Aceptado;ADL;1989-01-01;2023-07-11;04:09:36;05:22:36;1861155017;residencial;FALSE;DEV-5617;Chrome;es-CO;CLARO COLOMBIA;COLOMBIA;CARTAGENA;GMT-5;1039 N, 7547 O;299;Nequi;cod 00 -aprobado;Cliente 617;PREPAGO; $994 ; CO ;PK;Platinum;73;NOC;3500; $2.782 ;NO;;;;
1010000018;USR-1618;Cliente 618;SSN-90618;cliente618@gmailcom;Aceptado;GSR;1962-01-01;2025-05-10;04:10:12;07:45:12;1861155018;m要il;FALSE;DEV-5618;Chrome;es-CO;TIGO;COLOMBIA;CUCUTA;GMT-5;789 N, 7250 O;136;Daviplata;cod 00 -aprobado;Cliente 618;PREPAGO; $981 ; CO ;SL;Platinum;215;NOC;3500; $2.839 ;NO;;;;
1010000019;USR-1619;Cliente 619;SSN-90619;cliente619@gmailcom;Aceptado;GSR;1960-01-01;2025-10-21;04:10:48;05:56:48;1861155019;m要il;FALSE;DEV-5619;Edge;es-CO;CLARO COLOMBIA;COLOMBIA;BOGOTA;GMT-5;471 N, 7407 O;402;PSE;cod 00 -aprobado;Cliente 619;DEBITO; $93 ; CO ;SL;Blue;106;NOC;250; $182 ;SI;;;;
1010000020;USR-1620;Cliente 620;SSN-90620;cliente620@gmailcom;Aceptado;ADL;1991-01-01;2025-05-23;04:11:24;08:40:24;1861155020;data center;TRUE;DEV-5620;Firefox;es-CO;TIGO;COLOMBIA;MEDELLIN;GMT-5;624 N, 7556 O;77;Nequi;cod 00 -aprobado;Cliente 620;PREPAGO; $1.052 ; CO ;SL;Platinum;269;NOC;3500; $2.832 ;NO;;;;
1010000021;USR-1621;Cliente 621;SSN-90621;cliente621@gmailcom;Aceptado;GSR;1955-01-01;2026-10-17;04:12:00;09:59:00;1861155021;residencial;FALSE;DEV-5621;Edge;es-CO;CLARO COLOMBIA;COLOMBIA;CALI;GMT-5;345 N, 7653 O;447;Daviplata;cod-51 fondo insuficiente;Cliente 621;PREPAGO; $1.317 ; CO ;SL;Black;347;NOC;5000; $4.230 ;NO;;;;
1010000022;USR-1622;Cliente 622;SSN-90622;cliente622@gmailcom;No Aceptado;GSR;1963-01-01;2026-01-28;04:12:36;05:23:36;1861155022;data center;FALSE;DEV-5622;Chrome;es-CO;TIGO;COLOMBIA;BARRANQUILLA;GMT-5;1096 N, 7479 O;307;PSE;cod 00 -aprobado;Cliente 622;DEBITO; $1.118 ; CO ;BJ;Black;71;NOC;5000; $4.178 ;NO;;;;
1010000023;USR-1623;Cliente 623;SSN-90623;cliente623@gmailcom;Aceptado;ADL;1991-01-01;2024-07-27;04:13:12;07:27:12;1861155023;residencial;FALSE;DEV-5623;Safari;es-CO;CLARO COLOMBIA;COLOMBIA;CARTAGENA;GMT-5;1039 N, 7547 O;30;Nequi;cod 00 -aprobado;Cliente 623;PREPAGO; $165 ; CO ;SL;Blue;194;NOC;250; $142 ;NO;;;;
1010000024;USR-1624;Cliente 624;SSN-90624;cliente624@gmailcom;Aceptado;GSR;1965-01-01;2023-08-25;04:13:48;09:53:48;1861155024;residencial;FALSE;DEV-5624;Safari;es-CO;TIGO;COLOMBIA;CUCUTA;GMT-5;789 N, 7250 O;79;Daviplata;cod-43 tarjeta robada;Cliente 624;PREPAGO; $840 ; CO ;BJ;Gold;340;NOC;2000; $1.516 ;NO;;;;
1010000025;USR-1625;Cliente 625;SSN-90625;cliente625@gmailcom;Aceptado;GSR;1961-01-01;2024-01-12;04:14:24;07:04:24;1861155025;m要il;FALSE;DEV-5625;Safari;es-CO;CLARO COLOMBIA;COLOMBIA;BOGOTA;GMT-5;471 N, 7407 O;308;PSE;cod 00 -aprobado;Cliente 625;DEBITO; $1.007 ; CO ;SL;Platinum;170;NOC;3500; $2.786 ;SI;;;;
1010000026;USR-1626;Cliente 626;SSN-90626;cliente626@gmailcom;No Aceptado;SNR;1969-01-01;2026-02-08;04:15:00;08:58:00;1861155026;data center;FALSE;DEV-5626;Chrome;es-CO;TIGO;COLOMBIA;MEDELLIN;GMT-5;624 N, 7556 O;45;Nequi;cod 00 -aprobado;Cliente 626;PREPAGO; $744 ; CO ;SL;Gold;283;NOC;2000; $1.502 ;SI;;;;
1010000027;USR-1627;Cliente 627;SSN-90627;cliente627@gmailcom;Aceptado;GSR;1964-01-01;2024-07-28;04:15:36;10:13:36;1861155027;residencial;FALSE;DEV-5627;Safari;es-CO;CLARO COLOMBIA;COLOMBIA;CALI;GMT-5;345 N, 7653 O;342;Daviplata;cod 00 -aprobado;Cliente 627;PREPAGO; $1.357 ; CO ;RL;Black;358;NOC;5000; $4.207 ;SI;;;;
1010000028;USR-1628;Cliente 628;SSN-90628;cliente628@gmailcom;Aceptado;SNR;1975-01-01;2025-07-03;04:16:12;04:27:12;1861155028;residencial;FALSE;DEV-5628;Chrome;es-CO;TIGO;COLOMBIA;BARRANQUILLA;GMT-5;1096 N, 7479 O;88;PSE;cod-51 fondo insuficiente;Cliente 628;DEBITO; $292 ; CO ;PK;Blue;11;NOC;250; $144 ;SI;;;;
1010000029;USR-1629;Cliente 629;SSN-90629;cliente629@gmailcom;No Aceptado;ADL;1990-01-01;2024-08-22;04:16:48;06:34:48;1861155029;m要il;FALSE;DEV-5629;Firefox;es-CO;CLARO COLOMBIA;COLOMBIA;CARTAGENA;GMT-5;1039 N, 7547 O;49;Nequi;cod 00 -aprobado;Cliente 629;PREPAGO; $466 ; CO ;BJ;Orange;138;NOC;1000; $779 ;SI;;;;
1010000030;USR-1630;Cliente 630;SSN-90630;cliente630@gmailcom;Aceptado;ADL;1998-01-01;2026-11-25;04:17:24;10:20:24;1861155030;residencial;TRUE;DEV-5630;Chrome;es-CO;TIGO;COLOMBIA;CUCUTA;GMT-5;789 N, 7250 O;447;Daviplata;cod 00 -aprobado;Cliente 630;PREPAGO; $76 ; CO ;SL;Blue;363;NOC;250; $185 ;NO;;;;
1010000031;USR-1631;Cliente 631;SSN-90631;cliente631@gmailcom;Aceptado;ADL;1994-01-01;2023-01-15;04:18:00;05:40:00;1861155031;residencial;FALSE;DEV-5631;Chrome;es-CO;CLARO COLOMBIA;COLOMBIA;BOGOTA;GMT-5;471 N, 7407 O;428;PSE;cod 00 -aprobado;Cliente 631;DEBITO; $38 ; CO ;BJ;Blue;82;NOC;250; $162 ;SI;;;;
1010000032;USR-1632;Cliente 632;SSN-90632;cliente632@gmailcom;Aceptado;SNR;1976-01-01;2024-07-06;04:18:36;05:59:36;1861155032;residencial;TRUE;DEV-5632;Chrome;es-CO;TIGO;COLOMBIA;MEDELLIN;GMT-5;624 N, 7556 O;156;Nequi;cod 00 -aprobado;Cliente 632;PREPAGO; $551 ; CO ;RL;Orange;101;NOC;1000; $758 ;SI;;;;
1010000033;USR-1633;Cliente 633;SSN-90633;cliente633@gmailcom;Aceptado;GSR;1959-01-01;2024-05-23;04:19:12;04:55:12;1861155033;residencial;FALSE;DEV-5633;Edge;es-CO;CLARO COLOMBIA;COLOMBIA;CALI;GMT-5;345 N, 7653 O;430;Daviplata;cod 00 -aprobado;Cliente 633;PREPAGO; $943 ; CO ;PK;Platinum;36;NOC;3500; $2.801 ;NO;;;;
1010000034;USR-1634;Cliente 634;SSN-90634;cliente634@gmailcom;Aceptado;SNR;1977-01-01;2025-11-02;04:19:48;10:53:48;1861155034;residencial;FALSE;DEV-5634;Chrome;es-CO;TIGO;COLOMBIA;BARRANQUILLA;GMT-5;1096 N, 7479 O;493;PSE;cod 00 -aprobado;Cliente 634;DEBITO; $1.202 ; CO ;PK;Black;394;NOC;5000; $4.162 ;NO;;;;
1010000035;USR-1635;Cliente 635;SSN-90635;cliente635@gmailcom;Aceptado;GSR;1954-01-01;2025-12-08;04:20:24;09:50:24;1861155035;m要il;FALSE;DEV-5635;Safari;es-CO;CLARO COLOMBIA;COLOMBIA;CARTAGENA;GMT-5;1039 N, 7547 O;320;Nequi;cod 00 -aprobado;Cliente 635;PREPAGO; $845 ; CO ;RL;Gold;330;NOC;2000; $1.514 ;NO;;;;
1010000036;USR-1636;Cliente 636;SSN-90636;cliente636@gmailcom;Aceptado;SNR;1979-01-01;2023-06-01;04:21:00;06:30:00;1861155036;m要il;FALSE;DEV-5636;Edge;es-CO;TIGO;COLOMBIA;CUCUTA;GMT-5;789 N, 7250 O;211;Daviplata;cod 00 -aprobado;Cliente 636;PREPAGO; $1.331 ; CO ;PK;Black;129;NOC;5000; $4.184 ;NO;;;;
1010000037;USR-1637;Cliente 637;SSN-90637;cliente637@gmailcom;Aceptado;ADL;1995-01-01;2024-05-12;04:21:36;06:55:36;1861155037;residencial;FALSE;DEV-5637;Chrome;es-CO;CLARO COLOMBIA;COLOMBIA;BOGOTA;GMT-5;471 N, 7407 O;34;PSE;cod 00 -aprobado;Cliente 637;DEBITO; $865 ; CO ;SL;Gold;154;NOC;2000; $1.490 ;NO;;;;
1010000038;USR-1638;Cliente 638;SSN-90638;cliente638@gmailcom;Aceptado;ADL;1996-01-01;2024-10-18;04:22:12;10:37:12;1861155038;residencial;FALSE;DEV-5638;Chrome;es-CO;TIGO;COLOMBIA;MEDELLIN;GMT-5;624 N, 7556 O;435;Nequi;cod 00 -aprobado;Cliente 638;PREPAGO; $1.387 ; CO ;BJ;Black;375;NOC;5000; $4.183 ;NO;;;;
1010000039;USR-1639;Cliente 639;SSN-90639;cliente639@gmailcom;Aceptado;ADL;1994-01-01;2026-07-24;04:22:48;04:31:48;1861155039;residencial;FALSE;DEV-5639;Firefox;es-CO;CLARO COLOMBIA;COLOMBIA;CALI;GMT-5;345 N, 7653 O;38;Daviplata;cod 00 -aprobado;Cliente 639;PREPAGO; $1.398 ; CO ;BJ;Black;9;NOC;5000; $4.212 ;NO;;;;
1010000040;USR-1640;Cliente 640;SSN-90640;cliente640@gmailcom;Aceptado;SNR;1977-01-01;2024-01-20;04:23:24;04:52:24;1861155040;residencial;FALSE;DEV-5640;Safari;es-CO;TIGO;COLOMBIA;BARRANQUILLA;GMT-5;1096 N, 7479 O;438;PSE;cod 00 -aprobado;Cliente 640;DEBITO; $218 ; CO ;BJ;Blue;29;NOC;250; $159 ;SI;;;;
1010000041;USR-1641;Cliente 641;SSN-90641;cliente641@gmailcom;Aceptado;ADL;1986-01-01;2025-05-11;04:24:00;04:46:00;1861155041;residencial;FALSE;DEV-5641;Edge;es-CO;CLARO COLOMBIA;COLOMBIA;CARTAGENA;GMT-5;1039 N, 7547 O;304;Nequi;cod 00 -aprobado;Cliente 641;PREPAGO; $216 ; CO ;BJ;Blue;22;NOC;250; $158 ;NO;;;;
1010000042;USR-1642;Cliente 642;SSN-90642;cliente642@gmailcom;Aceptado;GSR;1957-01-01;2026-09-11;04:24:36;10:26:36;1861155042;residencial;FALSE;DEV-5642;Chrome;es-CO;TIGO;COLOMBIA;CUCUTA;GMT-5;789 N, 7250 O;396;Daviplata;cod-51 fondo insuficiente;Cliente 642;PREPAGO; $814 ; CO ;PK;Gold;362;NOC;2000; $1.488 ;NO;;;;
1010000043;USR-1643;Cliente 643;SSN-90643;cliente643@gmailcom;Aceptado;GSR;1961-01-01;2026-09-16;04:25:12;09:00:12;1861155043;residencial;FALSE;DEV-5643;Chrome;es-CO;CLARO COLOMBIA;COLOMBIA;BOGOTA;GMT-5;471 N, 7407 O;478;PSE;cod 00 -aprobado;Cliente 643;DEBITO; $359 ; CO ;SL;Blue;275;NOC;250; $196 ;SI;;;;
1010000044;USR-1644;Cliente 644;SSN-90644;cliente644@gmailcom;Aceptado;GSR;1964-01-01;2024-01-12;04:25:48;07:21:48;1861155044;m要il;FALSE;DEV-5644;Chrome;es-CO;TIGO;COLOMBIA;MEDELLIN;GMT-5;624 N, 7556 O;136;Nequi;cod 00 -aprobado;Cliente 644;PREPAGO; $919 ; CO ;RL;Platinum;176;NOC;3500; $2.798 ;SI;;;;
1010000045;USR-1645;Cliente 645;SSN-90645;cliente645@gmailcom;Aceptado;SNR;1967-01-01;2023-12-22;04:26:24;10:48:24;1861155045;m要il;FALSE;DEV-5645;Safari;es-CO;CLARO COLOMBIA;COLOMBIA;CALI;GMT-5;345 N, 7653 O;53;Daviplata;cod 00 -aprobado;Cliente 645;PREPAGO; $565 ; CO ;RL;Orange;382;NOC;1000; $793 ;SI;;;;
1010000046;USR-1646;Cliente 646;SSN-90646;cliente646@gmailcom;Aceptado;ADL;1995-01-01;2023-10-25;04:27:00;06:11:00;1861155046;residencial;FALSE;DEV-5646;Edge;es-CO;TIGO;COLOMBIA;BARRANQUILLA;GMT-5;1096 N, 7479 O;359;PSE;cod 00 -aprobado;Cliente 646;DEBITO; $1.371 ; CO ;PK;Black;104;NOC;5000; $4.243 ;NO;;;;
1010000047;USR-1647;Cliente 647;SSN-90647;cliente647@gmailcom;Aceptado;GSR;1951-01-01;2023-07-19;04:27:36;10:00:36;1861155047;residencial;FALSE;DEV-5647;Chrome;es-CO;CLARO COLOMBIA;COLOMBIA;CARTAGENA;GMT-5;1039 N, 7547 O;167;Nequi;cod 00 -aprobado;Cliente 647;PREPAGO; $119 ; CO ;SL;Blue;333;NOC;250; $132 ;SI;;;;
1010000048;USR-1648;Cliente 648;SSN-90648;cliente648@gmailcom;No Aceptado;SNR;1973-01-01;2025-05-01;04:28:12;08:18:12;1861155048;data center;FALSE;DEV-5648;Edge;es-CO;TIGO;COLOMBIA;CUCUTA;GMT-5;789 N, 7250 O;147;Daviplata;cod 00 -aprobado;Cliente 648;PREPAGO; $1.461 ; CO ;BJ;Black;230;NOC;5000; $4.186 ;NO;;;;
1010000049;USR-1649;Cliente 649;SSN-90649;lavado_anonimo@protonmail.com;No Aceptado;GSR;1954-01-01;2025-04-13;04:28:48;11:43:48;1861155049;residencial;FALSE;DEV-5649;Safari;es-CO;CLARO COLOMBIA;COLOMBIA;BOGOTA;GMT-5;471 N, 7407 O;4000;PSE;cod 00 -aprobado;Cliente 649;DEBITO; $10 ; CO ;SL;Blue;435;NOC;10; $3.980 ;NO;;;;
1010000050;USR-1650;Cliente 650;SSN-90650;cliente650@gmailcom;Aceptado;SNR;1974-01-01;2023-01-12;04:29:24;11:40:24;1861155050;residencial;FALSE;DEV-5650;Chrome;es-CO;TIGO;COLOMBIA;MEDELLIN;GMT-5;624 N, 7556 O;159;Nequi;cod-51 fondo insuficiente;Cliente 650;PREPAGO; $532 ; CO ;PK;Orange;431;NOC;1000; $764 ;SI;;;;
1010000051;USR-1651;Cliente 651;SSN-90651;cliente651@gmailcom;No Aceptado;SNR;1984-01-01;2024-02-06;04:30:00;11:41:00;1861155051;residencial;FALSE;DEV-5651;Chrome;es-CO;CLARO COLOMBIA;COLOMBIA;CALI;GMT-5;345 N, 7653 O;481;Daviplata;cod 00 -aprobado;Cliente 651;PREPAGO; $1.139 ; CO ;SL;Black;431;NOC;5000; $4.202 ;NO;;;;
1010000052;USR-1652;Cliente 652;SSN-90652;cliente652@gmailcom;Aceptado;SNR;1981-01-01;2026-09-16;04:30:36;05:54:36;1861155052;residencial;FALSE;DEV-5652;Safari;es-CO;TIGO;COLOMBIA;BARRANQUILLA;GMT-5;1096 N, 7479 O;344;PSE;cod 00 -aprobado;Cliente 652;DEBITO; $755 ; CO ;RL;Gold;84;NOC;2000; $1.476 ;NO;;;;
1010000053;USR-1653;Cliente 653;SSN-90653;cliente653@gmailcom;No Aceptado;SNR;1971-01-01;2026-01-18;04:31:12;07:11:12;1861155053;residencial;TRUE;DEV-5653;Edge;es-CO;CLARO COLOMBIA;COLOMBIA;CARTAGENA;GMT-5;1039 N, 7547 O;33;Nequi;cod 00 -aprobado;Cliente 653;PREPAGO; $709 ; CO ;SL;Gold;160;NOC;2000; $1.468 ;NO;;;;
1010000054;USR-1654;Cliente 654;SSN-90654;cliente654@gmailcom;Aceptado;GSR;1957-01-01;2024-10-04;04:31:48;09:31:48;1861155054;m要il;FALSE;DEV-5654;Edge;es-CO;TIGO;COLOMBIA;CUCUTA;GMT-5;789 N, 7250 O;234;Daviplata;cod 00 -aprobado;Cliente 654;PREPAGO; $943 ; CO ;RL;Platinum;300;NOC;3500; $2.824 ;NO;;;;
1010000055;USR-1655;Cliente 655;SSN-90655;cliente655@gmailcom;Aceptado;SNR;1976-01-01;2023-08-19;04:32:24;08:51:24;1861155055;m要il;FALSE;DEV-5655;Safari;es-CO;CLARO COLOMBIA;COLOMBIA;BOGOTA;GMT-5;471 N, 7407 O;391;PSE;cod 00 -aprobado;Cliente 655;DEBITO; $1.277 ; CO ;BJ;Black;259;NOC;5000; $4.192 ;NO;;;;
1010000056;USR-1656;Cliente 656;SSN-90656;cliente656@gmailcom;No Aceptado;ADL;1994-01-01;2025-12-13;04:33:00;11:41:00;1861155056;residencial;FALSE;DEV-5656;Chrome;es-CO;TIGO;COLOMBIA;MEDELLIN;GMT-5;624 N, 7556 O;259;Nequi;cod 00 -aprobado;Cliente 656;PREPAGO; $889 ; CO ;RL;Gold;428;NOC;2000; $1.479 ;NO;;;;
1010000057;USR-1657;Cliente 657;SSN-90657;cliente657@gmailcom;Aceptado;SNR;1968-01-01;2025-09-27;04:33:36;06:49:36;1861155057;residencial;FALSE;DEV-5657;Chrome;es-CO;CLARO COLOMBIA;COLOMBIA;CALI;GMT-5;345 N, 7653 O;260;Daviplata;cod 00 -aprobado;Cliente 657;PREPAGO; $652 ; CO ;SL;Orange;136;NOC;1000; $806 ;SI;;;;
1010000058;USR-1658;Cliente 658;SSN-90658;cliente658@gmailcom;No Aceptado;ADL;1986-01-01;2026-07-04;04:34:12;12:09:12;1861155058;residencial;FALSE;DEV-5658;Chrome;es-CO;TIGO;COLOMBIA;BARRANQUILLA;GMT-5;1096 N, 7479 O;184;PSE;cod 00 -aprobado;Cliente 658;DEBITO; $780 ; CO ;RL;Gold;455;NOC;2000; $1.486 ;NO;;;;
1010000059;USR-1659;Cliente 659;SSN-90659;cliente659@gmailcom;Aceptado;GSR;1955-01-01;2023-05-05;04:34:48;05:36:48;1861155059;residencial;FALSE;DEV-5659;Chrome;es-CO;CLARO COLOMBIA;COLOMBIA;CARTAGENA;GMT-5;1039 N, 7547 O;211;Nequi;cod 00 -aprobado;Cliente 659;PREPAGO; $988 ; CO ;RL;Platinum;62;NOC;3500; $2.839 ;NO;;;;
1010000060;USR-1660;Cliente 660;SSN-90660;cliente660@gmailcom;Aceptado;GSR;1951-01-01;2023-05-11;04:35:24;07:59:24;1861155060;m要il;FALSE;DEV-5660;Firefox;es-CO;TIGO;COLOMBIA;CUCUTA;GMT-5;789 N, 7250 O;434;Daviplata;cod 00 -aprobado;Cliente 660;PREPAGO; $755 ; CO ;SL;Gold;204;NOC;2000; $1.496 ;NO;;;;
1010000061;USR-1661;Cliente 661;SSN-90661;cliente661@gmailcom;No Aceptado;SNR;1982-01-01;2024-08-21;04:36:00;09:06:00;1861155061;residencial;TRUE;DEV-5661;Chrome;es-CO;CLARO COLOMBIA;COLOMBIA;BOGOTA;GMT-5;471 N, 7407 O;20;PSE;cod-51 fondo insuficiente;Cliente 661;DEBITO; $542 ; CO ;PK;Orange;270;NOC;1000; $821 ;NO;;;;
1010000062;USR-1662;Cliente 662;SSN-90662;cliente662@gmailcom;Aceptado;GSR;1951-01-01;2023-10-04;04:36:36;11:05:36;1861155062;data center;TRUE;DEV-5662;Safari;es-CO;TIGO;COLOMBIA;MEDELLIN;GMT-5;624 N, 7556 O;307;Nequi;cod 00 -aprobado;Cliente 662;PREPAGO; $479 ; CO ;SL;Orange;389;NOC;1000; $772 ;NO;;;;
1010000063;USR-1663;Cliente 663;SSN-90663;cliente663@gmailcom;Aceptado;GSR;1950-01-01;2024-11-27;04:37:12;07:34:12;1861155063;residencial;FALSE;DEV-5663;Safari;es-CO;CLARO COLOMBIA;COLOMBIA;CALI;GMT-5;345 N, 7653 O;113;Daviplata;cod 00 -aprobado;Cliente 663;PREPAGO; $831 ; CO ;RL;Gold;177;NOC;2000; $1.480 ;NO;;;;
1010000064;USR-1664;Cliente 664;SSN-90664;cliente664@gmailcom;Aceptado;SNR;1975-01-01;2024-12-06;04:37:48;07:12:48;1861155064;residencial;FALSE;DEV-5664;Firefox;es-CO;TIGO;COLOMBIA;BARRANQUILLA;GMT-5;1096 N, 7479 O;372;PSE;cod 00 -aprobado;Cliente 664;DEBITO; $1.106 ; CO ;PK;Black;155;NOC;5000; $4.198 ;NO;;;;
1010000065;USR-1665;Cliente 665;SSN-90665;cliente665@gmailcom;Aceptado;GSR;1951-01-01;2024-06-10;04:38:24;11:34:24;1861155065;residencial;FALSE;DEV-5665;Chrome;es-CO;CLARO COLOMBIA;COLOMBIA;CARTAGENA;GMT-5;1039 N, 7547 O;310;Nequi;cod 00 -aprobado;Cliente 665;PREPAGO; $1.133 ; CO ;SL;Black;416;NOC;5000; $4.201 ;NO;;;;
1010000066;USR-1666;Cliente 666;SSN-90666;cliente666@gmailcom;Aceptado;SNR;1972-01-01;2025-08-27;04:39:00;05:13:00;1861155066;residencial;TRUE;DEV-5666;Safari;es-CO;TIGO;COLOMBIA;CUCUTA;GMT-5;789 N, 7250 O;288;Daviplata;cod 00 -aprobado;Cliente 666;PREPAGO; $129 ; CO ;PK;Blue;34;NOC;250; $188 ;SI;;;;
1010000067;USR-1667;Cliente 667;SSN-90667;cliente667@gmailcom;Aceptado;GSR;1959-01-01;2024-02-28;04:39:36;09:51:36;1861155067;m要il;FALSE;DEV-5667;Chrome;es-CO;CLARO COLOMBIA;COLOMBIA;BOGOTA;GMT-5;471 N, 7407 O;214;PSE;cod 00 -aprobado;Cliente 667;DEBITO; $1.442 ; CO ;PK;Black;312;NOC;5000; $4.182 ;NO;;;;
1010000068;USR-1668;Cliente 668;SSN-90668;cliente668@gmailcom;Aceptado;GSR;1962-01-01;2023-03-28;04:40:12;07:45:12;1861155068;residencial;FALSE;DEV-5668;Chrome;es-CO;TIGO;COLOMBIA;MEDELLIN;GMT-5;624 N, 7556 O;326;Nequi;cod 00 -aprobado;Cliente 668;PREPAGO; $687 ; CO ;SL;Orange;185;NOC;1000; $807 ;SI;;;;
1010000069;USR-1669;Cliente 669;SSN-90669;cliente669@gmailcom;Aceptado;SNR;1985-01-01;2026-12-13;04:40:48;12:17:48;1861155069;residencial;FALSE;DEV-5669;Edge;es-CO;CLARO COLOMBIA;COLOMBIA;CALI;GMT-5;345 N, 7653 O;278;Daviplata;cod 00 -aprobado;Cliente 669;PREPAGO; $170 ; CO ;SL;Blue;457;NOC;250; $120 ;SI;;;;
1010000070;USR-1670;Cliente 670;SSN-90670;cliente670@gmailcom;Aceptado;GSR;1953-01-01;2026-05-04;04:41:24;08:02:24;1861155070;residencial;FALSE;DEV-5670;Chrome;es-CO;TIGO;COLOMBIA;BARRANQUILLA;GMT-5;1096 N, 7479 O;460;PSE;cod 00 -aprobado;Cliente 670;DEBITO; $1.419 ; CO ;RL;Black;201;NOC;5000; $4.186 ;NO;;;;
1010000071;USR-1671;Cliente 671;SSN-90671;cliente671@gmailcom;Aceptado;GSR;1965-01-01;2025-04-14;04:42:00;09:17:00;1861155071;residencial;FALSE;DEV-5671;Safari;es-CO;CLARO COLOMBIA;COLOMBIA;CARTAGENA;GMT-5;1039 N, 7547 O;160;Nequi;cod 00 -aprobado;Cliente 671;PREPAGO; $264 ; CO ;PK;Blue;275;NOC;250; $136 ;SI;;;;
1010000072;USR-1672;Cliente 672;SSN-90672;cliente672@gmailcom;Aceptado;GSR;1956-01-01;2023-05-23;04:42:36;09:15:36;1861155072;m要il;FALSE;DEV-5672;Edge;es-CO;TIGO;COLOMBIA;CUCUTA;GMT-5;789 N, 7250 O;122;Daviplata;cod 00 -aprobado;Cliente 672;PREPAGO; $498 ; CO ;RL;Orange;273;NOC;1000; $789 ;NO;;;;
1010000073;USR-1673;Cliente 673;SSN-90673;cliente673@gmailcom;Aceptado;SNR;1975-01-01;2026-09-17;04:43:12;07:54:12;1861155073;residencial;FALSE;DEV-5673;Chrome;es-CO;CLARO COLOMBIA;COLOMBIA;BOGOTA;GMT-5;471 N, 7407 O;98;PSE;cod 00 -aprobado;Cliente 673;DEBITO; $1.301 ; CO ;RL;Black;191;NOC;5000; $4.221 ;NO;;;;
1010000074;USR-1674;Cliente 674;SSN-90674;cliente674@gmailcom;Aceptado;SNR;1973-01-01;2024-07-07;04:43:48;08:00:48;1861155074;residencial;TRUE;DEV-5674;Safari;es-CO;TIGO;COLOMBIA;MEDELLIN;GMT-5;624 N, 7556 O;54;Nequi;cod 00 -aprobado;Cliente 674;PREPAGO; $500 ; CO ;SL;Orange;197;NOC;1000; $757 ;SI;;;;
1010000075;USR-1675;Cliente 675;SSN-90675;cliente675@gmailcom;Aceptado;SNR;1976-01-01;2025-03-25;04:44:24;10:07:24;1861155075;residencial;FALSE;DEV-5675;Safari;es-CO;CLARO COLOMBIA;COLOMBIA;CALI;GMT-5;345 N, 7653 O;485;Daviplata;cod 00 -aprobado;Cliente 675;PREPAGO; $94 ; CO ;PK;Blue;323;NOC;250; $141 ;NO;;;;
1010000076;USR-1676;Cliente 676;SSN-90676;cliente676@gmailcom;Aceptado;SNR;1982-01-01;2025-02-07;04:45:00;12:30:00;1861155076;residencial;FALSE;DEV-5676;Chrome;es-CO;TIGO;COLOMBIA;BARRANQUILLA;GMT-5;1096 N, 7479 O;195;PSE;cod-51 fondo insuficiente;Cliente 676;DEBITO; $238 ; CO ;RL;Blue;465;NOC;250; $116 ;NO;;;;
1010000077;USR-1677;Cliente 677;SSN-90677;cliente677@gmailcom;Aceptado;GSR;1962-01-01;2025-06-21;04:45:36;07:01:36;1861155077;residencial;FALSE;DEV-5677;Chrome;es-CO;CLARO COLOMBIA;COLOMBIA;CARTAGENA;GMT-5;1039 N, 7547 O;186;Nequi;cod 00 -aprobado;Cliente 677;PREPAGO; $1.417 ; CO ;RL;Black;136;NOC;5000; $4.168 ;NO;;;;
1010000078;USR-1678;Cliente 678;SSN-90678;cliente678@gmailcom;Aceptado;GSR;1955-01-01;2026-05-02;04:46:12;09:07:12;1861155078;residencial;TRUE;DEV-5678;Chrome;es-CO;TIGO;COLOMBIA;CUCUTA;GMT-5;789 N, 7250 O;376;Daviplata;cod 00 -aprobado;Cliente 678;PREPAGO; $340 ; CO ;RL;Blue;261;NOC;250; $113 ;NO;;;;
1010000079;USR-1679;Cliente 679;SSN-90679;cliente679@gmailcom;Aceptado;GSR;1955-01-01;2024-04-14;04:46:48;06:41:48;1861155079;residencial;FALSE;DEV-5679;Safari;es-CO;CLARO COLOMBIA;COLOMBIA;BOGOTA;GMT-5;471 N, 7407 O;266;PSE;cod 00 -aprobado;Cliente 679;DEBITO; $1.474 ; CO ;BJ;Black;115;NOC;5000; $4.184 ;NO;;;;
1010000080;USR-1680;Cliente 680;SSN-90680;cliente680@gmailcom;No Aceptado;GSR;1956-01-01;2023-09-20;04:47:24;11:50:24;1861155080;m要il;FALSE;DEV-5680;Safari;es-CO;TIGO;COLOMBIA;MEDELLIN;GMT-5;624 N, 7556 O;274;Nequi;cod 00 -aprobado;Cliente 680;PREPAGO; $1.114 ; CO ;PK;Black;423;NOC;5000; $4.181 ;NO;;;;
1010000081;USR-1681;Cliente 681;SSN-90681;cliente681@gmailcom;Aceptado;SNR;1982-01-01;2026-01-20;04:48:00;07:56:00;1861155081;residencial;FALSE;DEV-5681;Chrome;es-CO;CLARO COLOMBIA;COLOMBIA;CALI;GMT-5;345 N, 7653 O;463;Daviplata;cod-51 fondo insuficiente;Cliente 681;PREPAGO; $1.313 ; CO ;PK;Black;188;NOC;5000; $4.235 ;NO;;;;
1010000082;USR-1682;Cliente 682;SSN-90682;cliente682@gmailcom;No Aceptado;ADL;1992-01-01;2024-02-08;04:48:36;05:28:36;1861155082;m要il;FALSE;DEV-5682;Chrome;es-CO;TIGO;COLOMBIA;BARRANQUILLA;GMT-5;1096 N, 7479 O;105;PSE;cod 00 -aprobado;Cliente 682;DEBITO; $44 ; CO ;SL;Blue;40;NOC;250; $137 ;NO;;;;
1010000083;USR-1683;Cliente 683;SSN-90683;cliente683@gmailcom;Aceptado;SNR;1974-01-01;2025-04-14;04:49:12;05:06:12;1861155083;residencial;TRUE;DEV-5683;Edge;es-CO;CLARO COLOMBIA;COLOMBIA;CARTAGENA;GMT-5;1039 N, 7547 O;77;Nequi;cod 00 -aprobado;Cliente 683;PREPAGO; $500 ; CO ;BJ;Orange;17;NOC;1000; $776 ;SI;;;;
1010000084;USR-1684;Cliente 684;SSN-90684;cliente684@gmailcom;Aceptado;SNR;1975-01-01;2024-12-28;04:49:48;11:58:48;1861155084;data center;FALSE;DEV-5684;Chrome;es-CO;TIGO;COLOMBIA;CUCUTA;GMT-5;789 N, 7250 O;462;Daviplata;cod 00 -aprobado;Cliente 684;PREPAGO; $706 ; CO ;BJ;Gold;429;NOC;2000; $1.531 ;NO;;;;
1010000085;USR-1685;Cliente 685;SSN-90685;cliente685@gmailcom;Aceptado;GSR;1954-01-01;2026-09-28;04:50:24;12:47:24;1861155085;residencial;FALSE;DEV-5685;Chrome;es-CO;CLARO COLOMBIA;COLOMBIA;BOGOTA;GMT-5;471 N, 7407 O;356;PSE;cod-51 fondo insuficiente;Cliente 685;DEBITO; $724 ; CO ;RL;Gold;477;NOC;2000; $1.463 ;NO;;;;
1010000086;USR-1686;Cliente 686;SSN-90686;cliente686@gmailcom;Aceptado;GSR;1964-01-01;2023-06-25;04:51:00;12:32:00;1861155086;residencial;FALSE;DEV-5686;Chrome;es-CO;TIGO;COLOMBIA;MEDELLIN;GMT-5;624 N, 7556 O;23;Nequi;cod-43 tarjeta robada;Cliente 686;PREPAGO; $1.482 ; CO ;BJ;Black;461;NOC;5000; $4.222 ;SI;;;;
1010000087;USR-1687;Cliente 687;SSN-90687;cliente687@gmailcom;Aceptado;SNR;1976-01-01;2026-09-13;04:51:36;05:38:36;1861155087;residencial;FALSE;DEV-5687;Chrome;es-CO;CLARO COLOMBIA;COLOMBIA;CALI;GMT-5;345 N, 7653 O;299;Daviplata;cod 00 -aprobado;Cliente 687;PREPAGO; $967 ; CO ;RL;Platinum;47;NOC;3500; $2.809 ;NO;;;;
1010000088;USR-1688;Cliente 688;SSN-90688;cliente688@gmailcom;Aceptado;ADL;1986-01-01;2023-02-16;04:52:12;05:46:12;1861155088;m要il;FALSE;DEV-5688;Safari;es-CO;TIGO;COLOMBIA;BARRANQUILLA;GMT-5;1096 N, 7479 O;264;PSE;cod-51 fondo insuficiente;Cliente 688;DEBITO; $122 ; CO ;PK;Blue;54;NOC;250; $141 ;SI;;;;
1010000089;USR-1689;Cliente 689;SSN-90689;cliente689@gmailcom;Aceptado;ADL;1994-01-01;2023-09-27;04:52:48;06:38:48;1861155089;residencial;FALSE;DEV-5689;Chrome;es-CO;CLARO COLOMBIA;COLOMBIA;CARTAGENA;GMT-5;1039 N, 7547 O;483;Nequi;cod 00 -aprobado;Cliente 689;PREPAGO; $1.477 ; CO ;BJ;Black;106;NOC;5000; $4.185 ;SI;;;;
1010000090;USR-1690;Cliente 690;SSN-90690;cliente690@gmailcom;Aceptado;SNR;1982-01-01;2023-02-05;04:53:24;11:50:24;1861155090;residencial;FALSE;DEV-5690;Chrome;es-CO;TIGO;COLOMBIA;CUCUTA;GMT-5;789 N, 7250 O;431;Daviplata;cod 00 -aprobado;Cliente 690;PREPAGO; $538 ; CO ;BJ;Orange;417;NOC;1000; $797 ;SI;;;;
1010000091;USR-1691;Cliente 691;SSN-90691;cliente691@gmailcom;Aceptado;SNR;1980-01-01;2023-07-16;04:54:00;11:36:00;1861155091;residencial;FALSE;DEV-5691;Chrome;es-CO;CLARO COLOMBIA;COLOMBIA;BOGOTA;GMT-5;471 N, 7407 O;62;PSE;cod-05 rechazado;Cliente 691;DEBITO; $838 ; CO ;PK;Gold;402;NOC;2000; $1.541 ;SI;;;;
1010000092;USR-1692;Cliente 692;SSN-90692;cliente692@gmailcom;Aceptado;SNR;1969-01-01;2025-07-21;04:54:36;09:40:36;1861155092;m要il;FALSE;DEV-5692;Edge;es-CO;TIGO;COLOMBIA;MEDELLIN;GMT-5;624 N, 7556 O;39;Nequi;cod 00 -aprobado;Cliente 692;PREPAGO; $747 ; CO ;PK;Gold;286;NOC;2000; $1.482 ;NO;;;;
1010000093;USR-1693;Cliente 693;SSN-90693;cliente693@gmailcom;Aceptado;ADL;1997-01-01;2026-06-16;04:55:12;06:30:12;1861155093;residencial;FALSE;DEV-5693;Chrome;es-CO;CLARO COLOMBIA;COLOMBIA;CALI;GMT-5;345 N, 7653 O;220;Daviplata;cod-51 fondo insuficiente;Cliente 693;PREPAGO; $841 ; CO ;RL;Gold;95;NOC;2000; $1.488 ;NO;;;;
1010000094;USR-1694;Cliente 694;SSN-90694;cliente694@gmailcom;Aceptado;SNR;1980-01-01;2026-03-19;04:55:48;06:05:48;1861155094;residencial;FALSE;DEV-5694;Chrome;es-CO;TIGO;COLOMBIA;BARRANQUILLA;GMT-5;1096 N, 7479 O;340;PSE;cod 00 -aprobado;Cliente 694;DEBITO; $22 ; CO ;BJ;Blue;70;NOC;250; $158 ;SI;;;;
1010000095;USR-1695;Cliente 695;SSN-90695;cliente695@gmailcom;Aceptado;SNR;1985-01-01;2024-11-06;04:56:24;09:10:24;1861155095;residencial;FALSE;DEV-5695;Chrome;es-CO;CLARO COLOMBIA;COLOMBIA;CARTAGENA;GMT-5;1039 N, 7547 O;77;Nequi;cod 00 -aprobado;Cliente 695;PREPAGO; $1.377 ; CO ;RL;Black;254;NOC;5000; $4.190 ;NO;;;;
1010000096;USR-1696;Cliente 696;SSN-90696;cliente696@gmailcom;Aceptado;GSR;1965-01-01;2023-01-15;04:57:00;05:46:00;1861155096;residencial;FALSE;DEV-5696;Chrome;es-CO;TIGO;COLOMBIA;CUCUTA;GMT-5;789 N, 7250 O;396;Daviplata;cod 00 -aprobado;Cliente 696;PREPAGO; $761 ; CO ;BJ;Gold;49;NOC;2000; $1.476 ;NO;;;;
1010000097;USR-1697;Cliente 697;SSN-90697;cliente697@gmailcom;Aceptado;ADL;1989-01-01;2025-06-26;04:57:36;09:47:36;1861155097;residencial;FALSE;DEV-5697;Edge;es-CO;CLARO COLOMBIA;COLOMBIA;BOGOTA;GMT-5;471 N, 7407 O;27;PSE;cod 00 -aprobado;Cliente 697;DEBITO; $241 ; CO ;RL;Blue;290;NOC;250; $129 ;SI;;;;
1010000098;USR-1698;Cliente 698;SSN-90698;cliente698@gmailcom;Aceptado;SNR;1971-01-01;2025-04-22;04:58:12;10:34:12;1861155098;m要il;FALSE;DEV-5698;Edge;es-CO;TIGO;COLOMBIA;MEDELLIN;GMT-5;624 N, 7556 O;6;Nequi;cod 00 -aprobado;Cliente 698;PREPAGO; $344 ; CO ;PK;Blue;336;NOC;250; $138 ;NO;;;;
1010000099;USR-1699;Cliente 699;SSN-90699;alerta_asia@gmail.com;Aceptado;GSR;1963-01-01;2026-02-06;04:58:48;07:54:48;113.108.12.30;data center;FALSE;DEV-5699;Chrome;zh-CN;CHINA TELECOM;CHINA;GUANGZHOU;GMT+8;345 N, 7653 O;387;Daviplata;cod 00 -aprobado;Cliente 699;PREPAGO; $1.171 ; CO ;BJ;Black;176;NOC;5000; $4.156 ;SI;;;;
1010000100;USR-1700;Cliente 700;SSN-90700;cliente700@gmailcom;No Aceptado;SNR;1973-01-01;2024-09-16;04:59:24;09:53:24;18611550100;residencial;FALSE;DEV-5700;Chrome;es-CO;TIGO;COLOMBIA;BARRANQUILLA;GMT-5;1096 N, 7479 O;276;PSE;cod 00 -aprobado;Cliente 700;DEBITO; $335 ; CO ;RL;Blue;294;NOC;250; $157 ;SI;;;;
1010000101;USR-1701;Cliente 701;SSN-90701;cliente701@gmailcom;Aceptado;SNR;1981-01-01;2024-08-01;05:00:00;10:39:00;18611550101;residencial;FALSE;DEV-5701;Firefox;es-CO;CLARO COLOMBIA;COLOMBIA;CARTAGENA;GMT-5;1039 N, 7547 O;72;Nequi;cod 00 -aprobado;Cliente 701;PREPAGO; $861 ; CO ;PK;Gold;339;NOC;2000; $1.479 ;NO;;;;
1010000102;USR-1702;Cliente 702;SSN-90702;cliente702@gmailcom;Aceptado;SNR;1969-01-01;2023-03-16;05:00:36;12:19:36;18611550102;m要il;FALSE;DEV-5702;Edge;es-CO;TIGO;COLOMBIA;CUCUTA;GMT-5;789 N, 7250 O;493;Daviplata;cod 00 -aprobado;Cliente 702;PREPAGO; $629 ; CO ;RL;Orange;439;NOC;1000; $820 ;SI;;;;
1010000103;USR-1703;Cliente 703;SSN-90703;cliente703@gmailcom;No Aceptado;GSR;1966-01-01;2026-06-21;05:01:12;05:10:12;18611550103;residencial;FALSE;DEV-5703;Safari;es-CO;CLARO COLOMBIA;COLOMBIA;BOGOTA;GMT-5;471 N, 7407 O;312;PSE;cod 00 -aprobado;Cliente 703;DEBITO; $706 ; CO ;SL;Gold;9;NOC;2000; $1.503 ;NO;;;;
1010000104;USR-1704;Cliente 704;SSN-90704;cliente704@gmailcom;Aceptado;GSR;1953-01-01;2025-06-08;05:01:48;12:08:48;18611550104;m要il;FALSE;DEV-5704;Firefox;es-CO;TIGO;COLOMBIA;MEDELLIN;GMT-5;624 N, 7556 O;299;Nequi;cod 00 -aprobado;Cliente 704;PREPAGO; $998 ; CO ;PK;Platinum;427;NOC;3500; $2.778 ;NO;;;;
1010000105;USR-1705;Cliente 705;SSN-90705;cliente705@gmailcom;Aceptado;SNR;1968-01-01;2026-05-11;05:02:24;07:59:24;18611550105;residencial;FALSE;DEV-5705;Chrome;es-CO;CLARO COLOMBIA;COLOMBIA;CALI;GMT-5;345 N, 7653 O;62;Daviplata;cod-51 fondo insuficiente;Cliente 705;PREPAGO; $947 ; CO ;RL;Platinum;177;NOC;3500; $2.840 ;NO;;;;
1010000106;USR-1706;Cliente 706;SSN-90706;cliente706@gmailcom;Aceptado;ADL;1991-01-01;2024-12-25;05:03:00;10:20:00;18611550106;residencial;FALSE;DEV-5706;Chrome;es-CO;TIGO;COLOMBIA;BARRANQUILLA;GMT-5;1096 N, 7479 O;450;PSE;cod 00 -aprobado;Cliente 706;DEBITO; $986 ; CO ;PK;Platinum;317;NOC;3500; $2.839 ;NO;;;;
1010000107;USR-1707;Cliente 707;SSN-90707;cliente707@gmailcom;No Aceptado;ADL;1988-01-01;2023-10-19;05:03:36;05:16:36;18611550107;residencial;FALSE;DEV-5707;Safari;es-CO;CLARO COLOMBIA;COLOMBIA;CARTAGENA;GMT-5;1039 N, 7547 O;432;Nequi;cod 00 -aprobado;Cliente 707;PREPAGO; $622 ; CO ;BJ;Orange;13;NOC;1000; $771 ;NO;;;;
1010000108;USR-1708;Cliente 708;SSN-90708;cliente708@gmailcom;Aceptado;SNR;1979-01-01;2026-03-20;05:04:12;10:00:12;18611550108;residencial;FALSE;DEV-5708;Safari;es-CO;TIGO;COLOMBIA;CUCUTA;GMT-5;789 N, 7250 O;9;Daviplata;cod 00 -aprobado;Cliente 708;PREPAGO; $915 ; CO ;SL;Platinum;296;NOC;3500; $2.807 ;NO;;;;
1010000109;USR-1709;Cliente 709;SSN-90709;cliente709@gmailcom;No Aceptado;GSR;1954-01-01;2023-05-15;05:04:48;06:35:48;18611550109;residencial;FALSE;DEV-5709;Chrome;es-CO;CLARO COLOMBIA;COLOMBIA;BOGOTA;GMT-5;471 N, 7407 O;17;PSE;cod-51 fondo insuficiente;Cliente 709;DEBITO; $1.477 ; CO ;BJ;Black;91;NOC;5000; $4.171 ;NO;;;;
1010000110;USR-1710;Cliente 710;SSN-90710;cliente710@gmailcom;Aceptado;GSR;1956-01-01;2024-01-24;05:05:24;10:12:24;18611550110;residencial;FALSE;DEV-5710;Chrome;es-CO;TIGO;COLOMBIA;MEDELLIN;GMT-5;624 N, 7556 O;229;Nequi;cod 00 -aprobado;Cliente 710;PREPAGO; $796 ; CO ;SL;Gold;307;NOC;2000; $1.462 ;NO;;;;
1010000111;USR-1711;Cliente 711;SSN-90711;cliente711@gmailcom;Aceptado;SNR;1983-01-01;2025-08-02;05:06:00;09:56:00;18611550111;m要il;FALSE;DEV-5711;Chrome;es-CO;CLARO COLOMBIA;COLOMBIA;CALI;GMT-5;345 N, 7653 O;388;Daviplata;cod 00 -aprobado;Cliente 711;PREPAGO; $1.336 ; CO ;PK;Black;290;NOC;5000; $4.205 ;NO;;;;
1010000112;USR-1712;Cliente 712;SSN-90712;cliente712@gmailcom;Aceptado;GSR;1958-01-01;2026-01-04;05:06:36;11:49:36;18611550112;m要il;FALSE;DEV-5712;Safari;es-CO;TIGO;COLOMBIA;BARRANQUILLA;GMT-5;1096 N, 7479 O;254;PSE;cod 00 -aprobado;Cliente 712;DEBITO; $1.253 ; CO ;SL;Black;403;NOC;5000; $4.156 ;SI;;;;
1010000113;USR-1713;Cliente 713;SSN-90713;cliente713@gmailcom;Aceptado;GSR;1960-01-01;2026-09-20;05:07:12;07:56:12;18611550113;residencial;FALSE;DEV-5713;Chrome;es-CO;CLARO COLOMBIA;COLOMBIA;CARTAGENA;GMT-5;1039 N, 7547 O;423;Nequi;cod 00 -aprobado;Cliente 713;PREPAGO; $1.438 ; CO ;BJ;Black;169;NOC;5000; $4.183 ;NO;;;;
1010000114;USR-1714;Cliente 714;SSN-90714;cliente714@gmailcom;Aceptado;GSR;1950-01-01;2026-06-15;05:07:48;08:28:48;18611550114;residencial;FALSE;DEV-5714;Chrome;es-CO;TIGO;COLOMBIA;CUCUTA;GMT-5;789 N, 7250 O;117;Daviplata;cod-05 rechazado;Cliente 714;PREPAGO; $471 ; CO ;SL;Orange;201;NOC;1000; $833 ;NO;;;;
1010000115;USR-1715;Cliente 715;SSN-90715;cliente715@gmailcom;No Aceptado;SNR;1974-01-01;2023-01-22;05:08:24;07:46:24;18611550115;residencial;FALSE;DEV-5715;Safari;es-CO;CLARO COLOMBIA;COLOMBIA;BOGOTA;GMT-5;471 N, 7407 O;141;PSE;cod 00 -aprobado;Cliente 715;DEBITO; $1.218 ; CO ;PK;Black;158;NOC;5000; $4.162 ;NO;;;;
1010000116;USR-1716;Cliente 716;SSN-90716;cliente716@gmailcom;Aceptado;GSR;1957-01-01;2026-05-03;05:09:00;08:07:00;18611550116;residencial;FALSE;DEV-5716;Firefox;es-CO;TIGO;COLOMBIA;MEDELLIN;GMT-5;624 N, 7556 O;405;Nequi;cod-43 tarjeta robada;Cliente 716;PREPAGO; $1.030 ; CO ;BJ;Platinum;178;NOC;3500; $2.791 ;SI;;;;
1010000117;USR-1717;Cliente 717;SSN-90717;cliente717@gmailcom;Aceptado;SNR;1973-01-01;2026-08-01;05:09:36;10:56:36;18611550117;residencial;FALSE;DEV-5717;Chrome;es-CO;CLARO COLOMBIA;COLOMBIA;CALI;GMT-5;345 N, 7653 O;476;Daviplata;cod 00 -aprobado;Cliente 717;PREPAGO; $277 ; CO ;BJ;Blue;347;NOC;250; $147 ;SI;;;;
1010000118;USR-1718;Cliente 718;SSN-90718;cliente718@gmailcom;Aceptado;SNR;1972-01-01;2023-11-05;05:10:12;08:41:12;18611550118;residencial;FALSE;DEV-5718;Chrome;es-CO;TIGO;COLOMBIA;BARRANQUILLA;GMT-5;1096 N, 7479 O;464;PSE;cod-51 fondo insuficiente;Cliente 718;DEBITO; $808 ; CO ;SL;Gold;211;NOC;2000; $1.467 ;NO;;;;
1010000119;USR-1719;Cliente 719;SSN-90719;cliente719@gmailcom;Aceptado;GSR;1960-01-01;2023-11-05;05:10:48;09:32:48;18611550119;residencial;FALSE;DEV-5719;Chrome;es-CO;CLARO COLOMBIA;COLOMBIA;CARTAGENA;GMT-5;1039 N, 7547 O;165;Nequi;cod 00 -aprobado;Cliente 719;PREPAGO; $949 ; CO ;SL;Platinum;262;NOC;3500; $2.841 ;NO;;;;
1010000120;USR-1720;Cliente 720;SSN-90720;cliente720@gmailcom;No Aceptado;GSR;1963-01-01;2026-05-16;05:11:24;05:48:24;18611550120;m要il;FALSE;DEV-5720;Chrome;es-CO;TIGO;COLOMBIA;CUCUTA;GMT-5;789 N, 7250 O;397;Daviplata;cod 00 -aprobado;Cliente 720;PREPAGO; $233 ; CO ;BJ;Blue;37;NOC;250; $185 ;SI;;;;
1010000121;USR-1721;Cliente 721;SSN-90721;cliente721@gmailcom;Aceptado;ADL;1990-01-01;2026-01-27;05:12:00;07:51:00;18611550121;residencial;FALSE;DEV-5721;Chrome;es-CO;CLARO COLOMBIA;COLOMBIA;BOGOTA;GMT-5;471 N, 7407 O;433;PSE;cod 00 -aprobado;Cliente 721;DEBITO; $1.234 ; CO ;SL;Black;159;NOC;5000; $4.164 ;NO;;;;
1010000122;USR-1722;Cliente 722;SSN-90722;cliente722@gmailcom;Aceptado;GSR;1950-01-01;2024-08-22;05:12:36;10:43:36;18611550122;residencial;FALSE;DEV-5722;Chrome;es-CO;TIGO;COLOMBIA;MEDELLIN;GMT-5;624 N, 7556 O;335;Nequi;cod 00 -aprobado;Cliente 722;PREPAGO; $1.002 ; CO ;SL;Platinum;331;NOC;3500; $2.796 ;NO;;;;
1010000123;USR-1723;Cliente 723;SSN-90723;cliente723@gmailcom;Aceptado;GSR;1952-01-01;2024-05-23;05:13:12;13:13:12;18611550123;residencial;FALSE;DEV-5723;Chrome;es-CO;CLARO COLOMBIA;COLOMBIA;CALI;GMT-5;345 N, 7653 O;275;Daviplata;cod 00 -aprobado;Cliente 723;PREPAGO; $1.461 ; CO ;PK;Black;480;NOC;5000; $4.203 ;SI;;;;
1010000124;USR-1724;Cliente 724;SSN-90724;cliente724@gmailcom;Aceptado;GSR;1950-01-01;2023-08-12;05:13:48;10:44:48;18611550124;residencial;FALSE;DEV-5724;Chrome;es-CO;TIGO;COLOMBIA;BARRANQUILLA;GMT-5;1096 N, 7479 O;125;PSE;cod-51 fondo insuficiente;Cliente 724;DEBITO; $787 ; CO ;SL;Gold;331;NOC;2000; $1.504 ;SI;;;;
1010000125;USR-1725;Cliente 725;SSN-90725;cliente725@gmailcom;Aceptado;GSR;1953-01-01;2025-06-09;05:14:24;07:10:24;18611550125;residencial;FALSE;DEV-5725;Safari;es-CO;CLARO COLOMBIA;COLOMBIA;CARTAGENA;GMT-5;1039 N, 7547 O;124;Nequi;cod 00 -aprobado;Cliente 725;PREPAGO; $1.463 ; CO ;SL;Black;116;NOC;5000; $4.190 ;NO;;;;
1010000126;USR-1726;Cliente 726;SSN-90726;cliente726@gmailcom;Aceptado;SNR;1984-01-01;2026-06-24;05:15:00;08:56:00;18611550126;residencial;TRUE;DEV-5726;Safari;es-CO;TIGO;COLOMBIA;CUCUTA;GMT-5;789 N, 7250 O;270;Daviplata;cod 00 -aprobado;Cliente 726;PREPAGO; $1.429 ; CO ;BJ;Black;221;NOC;5000; $4.170 ;NO;;;;
1010000127;USR-1727;Cliente 727;SSN-90727;cliente727@gmailcom;No Aceptado;SNR;1967-01-01;2024-12-03;05:15:36;11:48:36;18611550127;residencial;FALSE;DEV-5727;Chrome;es-CO;CLARO COLOMBIA;COLOMBIA;BOGOTA;GMT-5;471 N, 7407 O;309;PSE;cod 00 -aprobado;Cliente 727;DEBITO; $725 ; CO ;BJ;Gold;393;NOC;2000; $1.537 ;SI;;;;
1010000128;USR-1728;Cliente 728;SSN-90728;cliente728@gmailcom;Aceptado;SNR;1974-01-01;2023-11-05;05:16:12;10:22:12;18611550128;residencial;FALSE;DEV-5728;Chrome;es-CO;TIGO;COLOMBIA;MEDELLIN;GMT-5;624 N, 7556 O;158;Nequi;cod 00 -aprobado;Cliente 728;PREPAGO; $259 ; CO ;RL;Blue;306;NOC;250; $137 ;SI;;;;
1010000129;USR-1729;Cliente 729;SSN-90729;cliente729@gmailcom;Aceptado;SNR;1971-01-01;2025-12-07;05:16:48;13:03:48;18611550129;m要il;TRUE;DEV-5729;Safari;es-CO;CLARO COLOMBIA;COLOMBIA;CALI;GMT-5;345 N, 7653 O;491;Daviplata;cod 00 -aprobado;Cliente 729;PREPAGO; $983 ; CO ;BJ;Platinum;467;NOC;3500; $2.841 ;NO;;;;
1010000130;USR-1730;Cliente 730;SSN-90730;cliente730@gmailcom;Aceptado;GSR;1953-01-01;2024-08-01;05:17:24;07:18:24;18611550130;residencial;FALSE;DEV-5730;Chrome;es-CO;TIGO;COLOMBIA;BARRANQUILLA;GMT-5;1096 N, 7479 O;65;PSE;cod 00 -aprobado;Cliente 730;DEBITO; $478 ; CO ;SL;Orange;121;NOC;1000; $808 ;SI;;;;
1010000131;USR-1731;Cliente 731;SSN-90731;cliente731@gmailcom;Aceptado;SNR;1971-01-01;2024-09-10;05:18:00;07:33:00;18611550131;residencial;FALSE;DEV-5731;Edge;es-CO;CLARO COLOMBIA;COLOMBIA;CARTAGENA;GMT-5;1039 N, 7547 O;456;Nequi;cod 00 -aprobado;Cliente 731;PREPAGO; $699 ; CO ;BJ;Orange;135;NOC;1000; $824 ;SI;;;;
1010000132;USR-1732;Cliente 732;SSN-90732;cliente732@gmailcom;Aceptado;GSR;1953-01-01;2025-07-16;05:18:36;11:20:36;18611550132;residencial;FALSE;DEV-5732;Edge;es-CO;TIGO;COLOMBIA;CUCUTA;GMT-5;789 N, 7250 O;231;Daviplata;cod 00 -aprobado;Cliente 732;PREPAGO; $302 ; CO ;BJ;Blue;362;NOC;250; $135 ;NO;;;;
1010000133;USR-1733;Cliente 733;SSN-90733;cliente733@gmailcom;Aceptado;ADL;1999-01-01;2025-02-05;05:19:12;05:49:12;18611550133;residencial;FALSE;DEV-5733;Chrome;es-CO;CLARO COLOMBIA;COLOMBIA;BOGOTA;GMT-5;471 N, 7407 O;45;PSE;cod-51 fondo insuficiente;Cliente 733;DEBITO; $773 ; CO ;RL;Gold;30;NOC;2000; $1.473 ;SI;;;;
1010000134;USR-1734;Cliente 734;SSN-90734;cliente734@gmailcom;Aceptado;SNR;1985-01-01;2023-01-12;05:19:48;07:09:48;18611550134;m要il;FALSE;DEV-5734;Safari;es-CO;TIGO;COLOMBIA;MEDELLIN;GMT-5;624 N, 7556 O;142;Nequi;cod 00 -aprobado;Cliente 734;PREPAGO; $560 ; CO ;SL;Orange;110;NOC;1000; $838 ;SI;;;;
1010000135;USR-1735;Cliente 735;SSN-90735;cliente735@gmailcom;No Aceptado;SNR;1983-01-01;2026-11-11;05:20:24;09:09:24;18611550135;residencial;FALSE;DEV-5735;Chrome;es-CO;CLARO COLOMBIA;COLOMBIA;CALI;GMT-5;345 N, 7653 O;465;Daviplata;cod 00 -aprobado;Cliente 735;PREPAGO; $1.340 ; CO ;PK;Black;229;NOC;5000; $4.233 ;NO;;;;
1010000136;USR-1736;Cliente 736;SSN-90736;cliente736@gmailcom;Aceptado;SNR;1979-01-01;2023-11-15;05:21:00;10:55:00;18611550136;m要il;FALSE;DEV-5736;Edge;es-CO;TIGO;COLOMBIA;BARRANQUILLA;GMT-5;1096 N, 7479 O;401;PSE;cod 00 -aprobado;Cliente 736;DEBITO; $786 ; CO ;BJ;Gold;334;NOC;2000; $1.482 ;SI;;;;
1010000137;USR-1737;Cliente 737;SSN-90737;cliente737@gmailcom;Aceptado;SNR;1970-01-01;2025-01-20;05:21:36;12:42:36;18611550137;residencial;FALSE;DEV-5737;Safari;es-CO;CLARO COLOMBIA;COLOMBIA;CARTAGENA;GMT-5;1039 N, 7547 O;262;Nequi;cod 00 -aprobado;Cliente 737;PREPAGO; $685 ; CO ;SL;Orange;441;NOC;1000; $817 ;NO;;;;
1010000138;USR-1738;Cliente 738;SSN-90738;cliente738@gmailcom;Aceptado;GSR;1965-01-01;2024-12-28;05:22:12;08:15:12;18611550138;residencial;FALSE;DEV-5738;Safari;es-CO;TIGO;COLOMBIA;CUCUTA;GMT-5;789 N, 7250 O;328;Daviplata;cod 00 -aprobado;Cliente 738;PREPAGO; $1.111 ; CO ;RL;Black;173;NOC;5000; $4.163 ;NO;;;;
1010000139;USR-1739;Cliente 739;SSN-90739;cliente739@gmailcom;Aceptado;ADL;1996-01-01;2023-10-04;05:22:48;09:02:48;18611550139;residencial;FALSE;DEV-5739;Firefox;es-CO;CLARO COLOMBIA;COLOMBIA;BOGOTA;GMT-5;471 N, 7407 O;257;PSE;cod 00 -aprobado;Cliente 739;DEBITO; $913 ; CO ;BJ;Platinum;220;NOC;3500; $2.803 ;NO;;;;
1010000140;USR-1740;Cliente 740;SSN-90740;cliente740@gmailcom;Aceptado;SNR;1971-01-01;2026-09-06;05:23:24;12:00:24;18611550140;residencial;FALSE;DEV-5740;Chrome;es-CO;TIGO;COLOMBIA;MEDELLIN;GMT-5;624 N, 7556 O;359;Nequi;cod 00 -aprobado;Cliente 740;PREPAGO; $1.220 ; CO ;PK;Black;397;NOC;5000; $4.189 ;NO;;;;
1010000141;USR-1741;Cliente 741;SSN-90741;cliente741@gmailcom;No Aceptado;ADL;1998-01-01;2026-06-13;05:24:00;09:53:00;18611550141;data center;FALSE;DEV-5741;Safari;es-CO;CLARO COLOMBIA;COLOMBIA;CALI;GMT-5;345 N, 7653 O;466;Daviplata;cod 00 -aprobado;Cliente 741;PREPAGO; $1.050 ; CO ;RL;Platinum;269;NOC;3500; $2.771 ;SI;;;;
1010000142;USR-1742;Cliente 742;SSN-90742;cliente742@gmailcom;Aceptado;GSR;1965-01-01;2023-07-12;05:24:36;11:05:36;18611550142;residencial;FALSE;DEV-5742;Firefox;es-CO;TIGO;COLOMBIA;BARRANQUILLA;GMT-5;1096 N, 7479 O;132;PSE;cod 00 -aprobado;Cliente 742;DEBITO; $1.118 ; CO ;SL;Black;341;NOC;5000; $4.172 ;SI;;;;
1010000143;USR-1743;Cliente 743;SSN-90743;cliente743@gmailcom;Aceptado;GSR;1954-01-01;2025-06-01;05:25:12;07:10:12;18611550143;residencial;TRUE;DEV-5743;Edge;es-CO;CLARO COLOMBIA;COLOMBIA;CARTAGENA;GMT-5;1039 N, 7547 O;497;Nequi;cod 00 -aprobado;Cliente 743;PREPAGO; $693 ; CO ;SL;Orange;105;NOC;1000; $811 ;SI;;;;
1010000144;USR-1744;Cliente 744;SSN-90744;cliente744@gmailcom;Aceptado;SNR;1969-01-01;2025-12-12;05:25:48;10:00:48;18611550144;residencial;FALSE;DEV-5744;Chrome;es-CO;TIGO;COLOMBIA;CUCUTA;GMT-5;789 N, 7250 O;378;Daviplata;cod 00 -aprobado;Cliente 744;PREPAGO; $1.133 ; CO ;BJ;Black;275;NOC;5000; $4.207 ;NO;;;;
1010000145;USR-1745;Cliente 745;SSN-90745;cliente745@gmailcom;No Aceptado;GSR;1964-01-01;2025-03-21;05:26:24;08:42:24;18611550145;residencial;FALSE;DEV-5745;Chrome;es-CO;CLARO COLOMBIA;COLOMBIA;BOGOTA;GMT-5;471 N, 7407 O;24;PSE;cod 00 -aprobado;Cliente 745;DEBITO; $205 ; CO ;PK;Blue;196;NOC;250; $146 ;SI;;;;
1010000146;USR-1746;Cliente 746;SSN-90746;cliente746@gmailcom;Aceptado;SNR;1969-01-01;2025-04-04;05:27:00;10:14:00;18611550146;residencial;FALSE;DEV-5746;Firefox;es-CO;TIGO;COLOMBIA;MEDELLIN;GMT-5;624 N, 7556 O;106;Nequi;cod 00 -aprobado;Cliente 746;PREPAGO; $550 ; CO ;PK;Orange;287;NOC;1000; $833 ;NO;;;;
1010000147;USR-1747;Cliente 747;SSN-90747;cliente747@gmailcom;Aceptado;SNR;1981-01-01;2026-02-18;05:27:36;13:13:36;18611550147;residencial;FALSE;DEV-5747;Safari;es-CO;CLARO COLOMBIA;COLOMBIA;CALI;GMT-5;345 N, 7653 O;329;Daviplata;cod 00 -aprobado;Cliente 747;PREPAGO; $177 ; CO ;BJ;Blue;466;NOC;250; $134 ;SI;;;;
1010000148;USR-1748;Cliente 748;SSN-90748;cliente748@gmailcom;No Aceptado;ADL;1986-01-01;2026-09-19;05:28:12;08:27:12;18611550148;m要il;FALSE;DEV-5748;Chrome;es-CO;TIGO;COLOMBIA;BARRANQUILLA;GMT-5;1096 N, 7479 O;323;PSE;cod 00 -aprobado;Cliente 748;DEBITO; $1.308 ; CO ;BJ;Black;179;NOC;5000; $4.245 ;NO;;;;
1010000149;USR-1749;Cliente 749;SSN-90749;cliente749@gmailcom;Aceptado;ADL;1988-01-01;2023-08-13;05:28:48;05:34:48;18611550149;residencial;FALSE;DEV-5749;Chrome;es-CO;CLARO COLOMBIA;COLOMBIA;CARTAGENA;GMT-5;1039 N, 7547 O;233;Nequi;cod 00 -aprobado;Cliente 749;PREPAGO; $457 ; CO ;RL;Orange;6;NOC;1000; $789 ;NO;;;;
1010000150;USR-1750;Cliente 750;SSN-90750;cliente750@gmailcom;Aceptado;GSR;1966-01-01;2024-02-14;05:29:24;07:08:24;18611550150;residencial;FALSE;DEV-5750;Firefox;es-CO;TIGO;COLOMBIA;CUCUTA;GMT-5;789 N, 7250 O;305;Daviplata;cod 00 -aprobado;Cliente 750;PREPAGO; $432 ; CO ;SL;Orange;99;NOC;1000; $791 ;NO;;;;
1010000151;USR-1751;Cliente 751;SSN-90751;cliente751@gmailcom;Aceptado;SNR;1978-01-01;2025-08-23;05:30:00;11:22:00;18611550151;residencial;FALSE;DEV-5751;Safari;es-CO;CLARO COLOMBIA;COLOMBIA;BOGOTA;GMT-5;471 N, 7407 O;93;PSE;cod-05 rechazado;Cliente 751;DEBITO; $210 ; CO ;RL;Blue;352;NOC;250; $115 ;NO;;;;
1010000152;USR-1752;Cliente 752;SSN-90752;cliente752@gmailcom;Aceptado;GSR;1961-01-01;2024-10-28;05:30:36;08:43:36;18611550152;residencial;FALSE;DEV-5752;Chrome;es-CO;TIGO;COLOMBIA;MEDELLIN;GMT-5;624 N, 7556 O;171;Nequi;cod-51 fondo insuficiente;Cliente 752;PREPAGO; $77 ; CO ;RL;Blue;193;NOC;250; $194 ;SI;;;;
1010000153;USR-1753;Cliente 753;SSN-90753;cliente753@gmailcom;Aceptado;SNR;1968-01-01;2024-10-11;05:31:12;11:08:12;18611550153;residencial;FALSE;DEV-5753;Chrome;es-CO;CLARO COLOMBIA;COLOMBIA;CALI;GMT-5;345 N, 7653 O;129;Daviplata;cod 00 -aprobado;Cliente 753;PREPAGO; $1.161 ; CO ;SL;Black;337;NOC;5000; $4.180 ;SI;;;;
1010000154;USR-1754;Cliente 754;SSN-90754;cliente754@gmailcom;Aceptado;ADL;1998-01-01;2026-12-06;05:31:48;09:30:48;18611550154;m要il;FALSE;DEV-5754;Chrome;es-CO;TIGO;COLOMBIA;BARRANQUILLA;GMT-5;1096 N, 7479 O;53;PSE;cod 00 -aprobado;Cliente 754;DEBITO; $347 ; CO ;RL;Blue;239;NOC;250; $165 ;NO;;;;
1010000155;USR-1755;Cliente 755;SSN-90755;cliente755@gmailcom;Aceptado;SNR;1983-01-01;2026-05-25;05:32:24;09:56:24;18611550155;residencial;FALSE;DEV-5755;Safari;es-CO;CLARO COLOMBIA;COLOMBIA;CARTAGENA;GMT-5;1039 N, 7547 O;422;Nequi;cod-51 fondo insuficiente;Cliente 755;PREPAGO; $312 ; CO ;RL;Blue;264;NOC;250; $154 ;NO;;;;
1010000156;USR-1756;Cliente 756;SSN-90756;cliente756@gmailcom;Aceptado;SNR;1978-01-01;2024-04-24;05:33:00;09:31:00;18611550156;m要il;TRUE;DEV-5756;Chrome;es-CO;TIGO;COLOMBIA;CUCUTA;GMT-5;789 N, 7250 O;193;Daviplata;cod 00 -aprobado;Cliente 756;PREPAGO; $589 ; CO ;SL;Orange;238;NOC;1000; $809 ;SI;;;;
1010000157;USR-1757;Cliente 757;SSN-90757;cliente757@gmailcom;Aceptado;ADL;1991-01-01;2023-04-21;05:33:36;08:44:36;18611550157;residencial;FALSE;DEV-5757;Chrome;es-CO;CLARO COLOMBIA;COLOMBIA;BOGOTA;GMT-5;471 N, 7407 O;261;PSE;cod 00 -aprobado;Cliente 757;DEBITO; $1.237 ; CO ;RL;Black;191;NOC;5000; $4.204 ;NO;;;;
1010000158;USR-1758;Cliente 758;SSN-90758;cliente758@gmailcom;No Aceptado;SNR;1983-01-01;2026-04-23;05:34:12;12:04:12;18611550158;data center;FALSE;DEV-5758;Firefox;es-CO;TIGO;COLOMBIA;MEDELLIN;GMT-5;624 N, 7556 O;358;Nequi;cod-43 tarjeta robada;Cliente 758;PREPAGO; $1.416 ; CO ;RL;Black;390;NOC;5000; $4.179 ;NO;;;;
1010000159;USR-1759;Cliente 759;SSN-90759;cliente759@gmailcom;Aceptado;SNR;1981-01-01;2026-01-05;05:34:48;09:06:48;18611550159;m要il;FALSE;DEV-5759;Chrome;es-CO;CLARO COLOMBIA;COLOMBIA;CALI;GMT-5;345 N, 7653 O;151;Daviplata;cod 00 -aprobado;Cliente 759;PREPAGO; $860 ; CO ;BJ;Gold;212;NOC;2000; $1.457 ;NO;;;;
1010000160;USR-1760;Cliente 760;SSN-90760;cliente760@gmailcom;Aceptado;ADL;1995-01-01;2025-07-06;05:35:24;07:56:24;18611550160;residencial;FALSE;DEV-5760;Safari;es-CO;TIGO;COLOMBIA;BARRANQUILLA;GMT-5;1096 N, 7479 O;448;PSE;cod 00 -aprobado;Cliente 760;DEBITO; $157 ; CO ;BJ;Blue;141;NOC;250; $130 ;NO;;;;
1010000161;USR-1761;Cliente 761;SSN-90761;cliente761@gmailcom;Aceptado;SNR;1969-01-01;2024-07-10;05:36:00;09:02:00;18611550161;residencial;FALSE;DEV-5761;Chrome;es-CO;CLARO COLOMBIA;COLOMBIA;CARTAGENA;GMT-5;1039 N, 7547 O;244;Nequi;cod 00 -aprobado;Cliente 761;PREPAGO; $471 ; CO ;PK;Orange;206;NOC;1000; $784 ;SI;;;;
1010000162;USR-1762;Cliente 762;SSN-90762;cliente762@gmailcom;Aceptado;ADL;1990-01-01;2024-05-01;05:36:36;10:37:36;18611550162;residencial;TRUE;DEV-5762;Firefox;es-CO;TIGO;COLOMBIA;CUCUTA;GMT-5;789 N, 7250 O;314;Daviplata;cod-51 fondo insuficiente;Cliente 762;PREPAGO; $531 ; CO ;PK;Orange;301;NOC;1000; $773 ;SI;;;;
1010000163;USR-1763;Cliente 763;SSN-90763;cliente763@gmailcom;Aceptado;ADL;1997-01-01;2024-03-09;05:37:12;12:00:12;18611550163;residencial;FALSE;DEV-5763;Chrome;es-CO;CLARO COLOMBIA;COLOMBIA;BOGOTA;GMT-5;471 N, 7407 O;260;PSE;cod 00 -aprobado;Cliente 763;DEBITO; $511 ; CO ;RL;Orange;383;NOC;1000; $783 ;NO;;;;
1010000164;USR-1764;Cliente 764;SSN-90764;cliente764@gmailcom;No Aceptado;ADL;1996-01-01;2026-11-27;05:37:48;08:53:48;18611550164;residencial;FALSE;DEV-5764;Chrome;es-CO;TIGO;COLOMBIA;MEDELLIN;GMT-5;624 N, 7556 O;330;Nequi;cod 00 -aprobado;Cliente 764;PREPAGO; $134 ; CO ;PK;Blue;196;NOC;250; $139 ;SI;;;;
1010000165;USR-1765;Cliente 765;SSN-90765;cliente765@gmailcom;Aceptado;GSR;1955-01-01;2023-03-27;05:38:24;09:32:24;18611550165;m要il;FALSE;DEV-5765;Safari;es-CO;CLARO COLOMBIA;COLOMBIA;CALI;GMT-5;345 N, 7653 O;376;Daviplata;cod 00 -aprobado;Cliente 765;PREPAGO; $630 ; CO ;PK;Orange;234;NOC;1000; $835 ;NO;;;;
1010000166;USR-1766;Cliente 766;SSN-90766;cliente766@gmailcom;Aceptado;ADL;1996-01-01;2026-02-05;05:39:00;12:38:00;18611550166;residencial;FALSE;DEV-5766;Firefox;es-CO;TIGO;COLOMBIA;BARRANQUILLA;GMT-5;1096 N, 7479 O;75;PSE;cod 00 -aprobado;Cliente 766;DEBITO; $829 ; CO ;SL;Gold;419;NOC;2000; $1.496 ;NO;;;;
1010000167;USR-1767;Cliente 767;SSN-90767;cliente767@gmailcom;Aceptado;GSR;1959-01-01;2023-01-23;05:39:36;09:32:36;18611550167;residencial;TRUE;DEV-5767;Safari;es-CO;CLARO COLOMBIA;COLOMBIA;CARTAGENA;GMT-5;1039 N, 7547 O;341;Nequi;cod 00 -aprobado;Cliente 767;PREPAGO; $338 ; CO ;RL;Blue;233;NOC;250; $131 ;NO;;;;
1010000168;USR-1768;Cliente 768;SSN-90768;cliente768@gmailcom;Aceptado;ADL;1996-01-01;2026-04-21;05:40:12;09:50:12;18611550168;m要il;FALSE;DEV-5768;Firefox;es-CO;TIGO;COLOMBIA;CUCUTA;GMT-5;789 N, 7250 O;469;Daviplata;cod 00 -aprobado;Cliente 768;PREPAGO; $278 ; CO ;RL;Blue;250;NOC;250; $116 ;SI;;;;
1010000169;USR-1769;Cliente 769;SSN-90769;cliente769@gmailcom;Aceptado;ADL;1986-01-01;2023-11-26;05:40:48;09:12:48;18611550169;residencial;FALSE;DEV-5769;Chrome;es-CO;CLARO COLOMBIA;COLOMBIA;BOGOTA;GMT-5;471 N, 7407 O;438;PSE;cod 00 -aprobado;Cliente 769;DEBITO; $512 ; CO ;RL;Orange;212;NOC;1000; $799 ;SI;;;;
1010000170;USR-1770;Cliente 770;SSN-90770;cliente770@gmailcom;No Aceptado;SNR;1970-01-01;2024-04-11;05:41:24;13:40:24;18611550170;m要il;FALSE;DEV-5770;Chrome;es-CO;TIGO;COLOMBIA;MEDELLIN;GMT-5;624 N, 7556 O;175;Nequi;cod 00 -aprobado;Cliente 770;PREPAGO; $218 ; CO ;RL;Blue;479;NOC;250; $194 ;SI;;;;
1010000171;USR-1771;Cliente 771;SSN-90771;cliente771@gmailcom;Aceptado;SNR;1970-01-01;2023-12-03;05:42:00;12:22:00;18611550171;residencial;TRUE;DEV-5771;Chrome;es-CO;CLARO COLOMBIA;COLOMBIA;CALI;GMT-5;345 N, 7653 O;428;Daviplata;cod 00 -aprobado;Cliente 771;PREPAGO; $629 ; CO ;PK;Orange;400;NOC;1000; $822 ;NO;;;;
1010000172;USR-1772;Cliente 772;SSN-90772;cliente772@gmailcom;Aceptado;ADL;1992-01-01;2025-01-21;05:42:36;11:36:36;18611550172;residencial;FALSE;DEV-5772;Chrome;es-CO;TIGO;COLOMBIA;BARRANQUILLA;GMT-5;1096 N, 7479 O;351;PSE;cod 00 -aprobado;Cliente 772;DEBITO; $777 ; CO ;PK;Gold;354;NOC;2000; $1.533 ;NO;;;;
1010000173;USR-1773;Cliente 773;SSN-90773;cliente773@gmailcom;Aceptado;SNR;1973-01-01;2023-04-01;05:43:12;09:38:12;18611550173;residencial;FALSE;DEV-5773;Firefox;es-CO;CLARO COLOMBIA;COLOMBIA;CARTAGENA;GMT-5;1039 N, 7547 O;113;Nequi;cod 00 -aprobado;Cliente 773;PREPAGO; $126 ; CO ;RL;Blue;235;NOC;250; $156 ;SI;;;;
1010000174;USR-1774;Cliente 774;SSN-90774;cliente774@gmailcom;No Aceptado;GSR;1960-01-01;2025-05-08;05:43:48;11:21:48;18611550174;m要il;FALSE;DEV-5774;Chrome;es-CO;TIGO;COLOMBIA;CUCUTA;GMT-5;789 N, 7250 O;316;Daviplata;cod 00 -aprobado;Cliente 774;PREPAGO; $892 ; CO ;BJ;Gold;338;NOC;2000; $1.524 ;NO;;;;
1010000175;USR-1775;Cliente 775;SSN-90775;cliente775@gmailcom;Aceptado;ADL;1995-01-01;2025-06-10;05:44:24;11:51:24;18611550175;residencial;FALSE;DEV-5775;Firefox;es-CO;CLARO COLOMBIA;COLOMBIA;BOGOTA;GMT-5;471 N, 7407 O;172;PSE;cod 00 -aprobado;Cliente 775;DEBITO; $1.025 ; CO ;BJ;Platinum;367;NOC;3500; $2.783 ;NO;;;;
1010000176;USR-1776;Cliente 776;SSN-90776;cliente776@gmailcom;Aceptado;ADL;1987-01-01;2024-12-23;05:45:00;09:07:00;18611550176;m要il;FALSE;DEV-5776;Chrome;es-CO;TIGO;COLOMBIA;MEDELLIN;GMT-5;624 N, 7556 O;28;Nequi;cod 00 -aprobado;Cliente 776;PREPAGO; $365 ; CO ;RL;Blue;202;NOC;250; $169 ;SI;;;;
1010000177;USR-1777;Cliente 777;SSN-90777;cliente777@gmailcom;Aceptado;ADL;1993-01-01;2025-11-12;05:45:36;12:04:36;18611550177;residencial;FALSE;DEV-5777;Safari;es-CO;CLARO COLOMBIA;COLOMBIA;CALI;GMT-5;345 N, 7653 O;47;Daviplata;cod 00 -aprobado;Cliente 777;PREPAGO; $705 ; CO ;SL;Gold;379;NOC;2000; $1.492 ;NO;;;;
1010000178;USR-1778;Cliente 778;SSN-90778;cliente778@gmailcom;Aceptado;SNR;1973-01-01;2025-12-05;05:46:12;06:25:12;18611550178;m要il;FALSE;DEV-5778;Chrome;es-CO;TIGO;COLOMBIA;BARRANQUILLA;GMT-5;1096 N, 7479 O;332;PSE;cod-51 fondo insuficiente;Cliente 778;DEBITO; $495 ; CO ;RL;Orange;39;NOC;1000; $797 ;NO;;;;
1010000179;USR-1779;Cliente 779;SSN-90779;cliente779@gmailcom;Aceptado;ADL;1993-01-01;2023-04-14;05:46:48;06:22:48;18611550179;residencial;FALSE;DEV-5779;Safari;es-CO;CLARO COLOMBIA;COLOMBIA;CARTAGENA;GMT-5;1039 N, 7547 O;113;Nequi;cod-51 fondo insuficiente;Cliente 779;PREPAGO; $483 ; CO ;RL;Orange;36;NOC;1000; $771 ;NO;;;;
1010000180;USR-1780;Cliente 780;SSN-90780;cliente780@gmailcom;Aceptado;SNR;1985-01-01;2025-08-22;05:47:24;09:51:24;18611550180;residencial;FALSE;DEV-5780;Chrome;es-CO;TIGO;COLOMBIA;CUCUTA;GMT-5;789 N, 7250 O;62;Daviplata;cod 00 -aprobado;Cliente 780;PREPAGO; $676 ; CO ;SL;Orange;244;NOC;1000; $829 ;SI;;;;
1010000181;USR-1781;Cliente 781;SSN-90781;cliente781@gmailcom;Aceptado;ADL;1999-01-01;2026-03-24;05:48:00;07:09:00;18611550181;residencial;FALSE;DEV-5781;Chrome;es-CO;CLARO COLOMBIA;COLOMBIA;BOGOTA;GMT-5;471 N, 7407 O;179;PSE;cod 00 -aprobado;Cliente 781;DEBITO; $1.037 ; CO ;PK;Platinum;81;NOC;3500; $2.810 ;NO;;;;
1010000182;USR-1782;Cliente 782;SSN-90782;cliente782@gmailcom;Aceptado;SNR;1973-01-01;2025-06-15;05:48:36;12:32:36;18611550182;residencial;FALSE;DEV-5782;Chrome;es-CO;TIGO;COLOMBIA;MEDELLIN;GMT-5;624 N, 7556 O;98;Nequi;cod 00 -aprobado;Cliente 782;PREPAGO; $1.179 ; CO ;RL;Black;404;NOC;5000; $4.186 ;NO;;;;
1010000183;USR-1783;Cliente 783;SSN-90783;cliente783@gmailcom;No Aceptado;ADL;1996-01-01;2024-07-26;05:49:12;11:06:12;18611550183;m要il;FALSE;DEV-5783;Chrome;es-CO;CLARO COLOMBIA;COLOMBIA;CALI;GMT-5;345 N, 7653 O;93;Daviplata;cod 00 -aprobado;Cliente 783;PREPAGO; $545 ; CO ;RL;Orange;317;NOC;1000; $789 ;SI;;;;
1010000184;USR-1784;Cliente 784;SSN-90784;cliente784@gmailcom;Aceptado;SNR;1968-01-01;2023-03-11;05:49:48;06:39:48;18611550184;residencial;FALSE;DEV-5784;Chrome;es-CO;TIGO;COLOMBIA;BARRANQUILLA;GMT-5;1096 N, 7479 O;163;PSE;cod 00 -aprobado;Cliente 784;DEBITO; $1.290 ; CO ;RL;Black;50;NOC;5000; $4.207 ;NO;;;;
1010000185;USR-1785;Cliente 785;SSN-90785;cliente785@gmailcom;No Aceptado;SNR;1972-01-01;2023-11-05;05:50:24;09:35:24;18611550185;residencial;FALSE;DEV-5785;Chrome;es-CO;CLARO COLOMBIA;COLOMBIA;CARTAGENA;GMT-5;1039 N, 7547 O;241;Nequi;cod 00 -aprobado;Cliente 785;PREPAGO; $1.167 ; CO ;RL;Black;225;NOC;5000; $4.200 ;NO;;;;
1010000186;USR-1786;Cliente 786;SSN-90786;cliente786@gmailcom;Aceptado;SNR;1971-01-01;2024-09-24;05:51:00;09:17:00;18611550186;residencial;FALSE;DEV-5786;Firefox;es-CO;TIGO;COLOMBIA;CUCUTA;GMT-5;789 N, 7250 O;128;Daviplata;cod 00 -aprobado;Cliente 786;PREPAGO; $714 ; CO ;RL;Gold;206;NOC;2000; $1.462 ;NO;;;;
1010000187;USR-1787;Cliente 787;SSN-90787;cliente787@gmailcom;Aceptado;GSR;1953-01-01;2025-04-04;05:51:36;10:55:36;18611550187;residencial;FALSE;DEV-5787;Edge;es-CO;CLARO COLOMBIA;COLOMBIA;BOGOTA;GMT-5;471 N, 7407 O;435;PSE;cod 00 -aprobado;Cliente 787;DEBITO; $967 ; CO ;RL;Platinum;304;NOC;3500; $2.829 ;NO;;;;
1010000188;USR-1788;Cliente 788;SSN-90788;cliente788@gmailcom;Aceptado;GSR;1961-01-01;2025-09-09;05:52:12;07:26:12;18611550188;data center;FALSE;DEV-5788;Chrome;es-CO;TIGO;COLOMBIA;MEDELLIN;GMT-5;624 N, 7556 O;305;Nequi;cod-51 fondo insuficiente;Cliente 788;PREPAGO; $499 ; CO ;RL;Orange;94;NOC;1000; $781 ;NO;;;;
1010000189;USR-1789;Cliente 789;SSN-90789;cliente789@gmailcom;Aceptado;SNR;1973-01-01;2023-01-24;05:52:48;10:05:48;18611550189;residencial;FALSE;DEV-5789;Chrome;es-CO;CLARO COLOMBIA;COLOMBIA;CALI;GMT-5;345 N, 7653 O;454;Daviplata;cod 00 -aprobado;Cliente 789;PREPAGO; $158 ; CO ;SL;Blue;253;NOC;250; $118 ;SI;;;;
1010000190;USR-1790;Cliente 790;SSN-90790;cliente790@gmailcom;Aceptado;GSR;1962-01-01;2026-03-24;05:53:24;13:27:24;18611550190;residencial;FALSE;DEV-5790;Edge;es-CO;TIGO;COLOMBIA;BARRANQUILLA;GMT-5;1096 N, 7479 O;119;PSE;cod 00 -aprobado;Cliente 790;DEBITO; $115 ; CO ;BJ;Blue;454;NOC;250; $133 ;SI;;;;
1010000191;USR-1791;Cliente 791;SSN-90791;cliente791@gmailcom;Aceptado;ADL;1989-01-01;2025-08-12;05:54:00;08:31:00;18611550191;residencial;TRUE;DEV-5791;Firefox;es-CO;CLARO COLOMBIA;COLOMBIA;CARTAGENA;GMT-5;1039 N, 7547 O;426;Nequi;cod 00 -aprobado;Cliente 791;PREPAGO; $1.120 ; CO ;RL;Black;157;NOC;5000; $4.199 ;NO;;;;
1010000192;USR-1792;Cliente 792;SSN-90792;cliente792@gmailcom;Aceptado;SNR;1980-01-01;2023-03-17;05:54:36;10:27:36;18611550192;residencial;FALSE;DEV-5792;Safari;es-CO;TIGO;COLOMBIA;CUCUTA;GMT-5;789 N, 7250 O;23;Daviplata;cod 00 -aprobado;Cliente 792;PREPAGO; $291 ; CO ;BJ;Blue;273;NOC;250; $163 ;NO;;;;
1010000193;USR-1793;Cliente 793;SSN-90793;cliente793@gmailcom;Aceptado;SNR;1975-01-01;2023-01-08;05:55:12;12:31:12;18611550193;residencial;FALSE;DEV-5793;Chrome;es-CO;CLARO COLOMBIA;COLOMBIA;BOGOTA;GMT-5;471 N, 7407 O;270;PSE;cod 00 -aprobado;Cliente 793;DEBITO; $1.351 ; CO ;RL;Black;396;NOC;5000; $4.186 ;NO;;;;
1010000194;USR-1794;Cliente 794;SSN-90794;cliente794@gmailcom;No Aceptado;GSR;1956-01-01;2024-01-09;05:55:48;08:37:48;18611550194;residencial;FALSE;DEV-5794;Chrome;es-CO;TIGO;COLOMBIA;MEDELLIN;GMT-5;624 N, 7556 O;211;Nequi;cod 00 -aprobado;Cliente 794;PREPAGO; $621 ; CO ;RL;Orange;162;NOC;1000; $824 ;SI;;;;
1010000195;USR-1795;Cliente 795;SSN-90795;cliente795@gmailcom;Aceptado;ADL;1989-01-01;2026-10-08;05:56:24;13:10:24;18611550195;residencial;FALSE;DEV-5795;Safari;es-CO;CLARO COLOMBIA;COLOMBIA;CALI;GMT-5;345 N, 7653 O;84;Daviplata;cod 00 -aprobado;Cliente 795;PREPAGO; $966 ; CO ;RL;Platinum;434;NOC;3500; $2.772 ;NO;;;;
1010000196;USR-1796;Cliente 796;SSN-90796;cliente796@gmailcom;Aceptado;SNR;1972-01-01;2024-10-04;05:57:00;10:48:00;18611550196;m要il;FALSE;DEV-5796;Chrome;es-CO;TIGO;COLOMBIA;BARRANQUILLA;GMT-5;1096 N, 7479 O;26;PSE;cod 00 -aprobado;Cliente 796;DEBITO; $61 ; CO ;SL;Blue;291;NOC;250; $118 ;NO;;;;
1010000197;USR-1797;Cliente 797;SSN-90797;cliente797@gmailcom;Aceptado;GSR;1954-01-01;2023-11-17;05:57:36;11:53:36;18611550197;m要il;FALSE;DEV-5797;Chrome;es-CO;CLARO COLOMBIA;COLOMBIA;CARTAGENA;GMT-5;1039 N, 7547 O;29;Nequi;cod 00 -aprobado;Cliente 797;PREPAGO; $207 ; CO ;SL;Blue;356;NOC;250; $143 ;SI;;;;
1010000198;USR-1798;Cliente 798;SSN-90798;cliente798@gmailcom;Aceptado;GSR;1960-01-01;2025-04-01;05:58:12;07:02:12;18611550198;m要il;FALSE;DEV-5798;Chrome;es-CO;TIGO;COLOMBIA;CUCUTA;GMT-5;789 N, 7250 O;470;Daviplata;cod 00 -aprobado;Cliente 798;PREPAGO; $160 ; CO ;BJ;Blue;64;NOC;250; $176 ;SI;;;;
1010000199;USR-1799;Cliente 799;SSN-90799;cliente799@gmailcom;Aceptado;ADL;1997-01-01;2026-11-08;05:58:48;10:38:48;18611550199;m要il;FALSE;DEV-5799;Firefox;es-CO;CLARO COLOMBIA;COLOMBIA;BOGOTA;GMT-5;471 N, 7407 O;167;PSE;cod 00 -aprobado;Cliente 799;DEBITO; $428 ; CO ;BJ;Orange;280;NOC;1000; $764 ;SI;;;;
1010000200;USR-1800;Cliente 800;SSN-90800;cliente800@gmailcom;Aceptado;SNR;1984-01-01;2026-07-02;05:59:24;13:08:24;18611550200;residencial;FALSE;DEV-5800;Chrome;es-CO;TIGO;COLOMBIA;MEDELLIN;GMT-5;624 N, 7556 O;250;Nequi;cod 00 -aprobado;Cliente 800;PREPAGO; $575 ; CO ;RL;Orange;429;NOC;1000; $841 ;SI;;;;